,date,district,prevalence,next_prevalence,ndvi,ipc,population,rainfall,month,total_alarms,district_encoded
0,2017-07-01,Adan Yabaal,0.3692,0.3510000000000001,0.215,0.18,65262.95999999999,19.156666666666663,7,2.1666666666666665,0
1,2017-07-01,Lughaye,0.3796,0.169,0.09,0.36,70268.22,5.794999999999999,7,2.6666666666666665,58
2,2017-07-01,Buuhoodle,0.3406000000000001,0.2027999999999999,0.2133333333333333,0.37,71317.70999999999,19.540000000000003,7,2.333333333333333,23
3,2017-07-01,Luuq,0.4315999999999998,0.3926,0.1933333333333333,0.21,100476.765,24.24,7,7.833333333333333,59
4,2017-07-01,Burtinle,0.4524000000000001,0.3795999999999999,0.18,0.22,112734.27,15.903333333333334,7,3.6666666666666665,22
5,2017-07-01,Marka,0.3692,0.351,0.2983333333333333,0.17,282222.765,23.565,7,11.833333333333334,60
6,2017-07-01,Owdweyne,0.3406,0.2028,0.165,0.46,78004.845,16.686666666666667,7,1.6666666666666667,61
7,2017-07-01,Bulo Burto,0.429,0.3926,0.245,0.38,181435.5,17.058333333333334,7,6.166666666666667,20
8,2017-07-01,Qandala,0.4055999999999999,0.3431999999999999,0.1633333333333333,0.38,75823.06499999999,11.034999999999998,7,1.6666666666666667,62
9,2017-07-01,Bu'aale,0.4316,0.3925999999999999,0.4783333333333333,0.07,93543.3,61.24333333333333,7,5.666666666666667,19
10,2017-07-01,Qansax Dheere,0.3588,0.2886,0.2916666666666667,0.42,123818.085,35.505,7,9.833333333333334,63
11,2017-07-01,Bossaso,0.4160559934810628,0.3432,0.145,0.02,365531.98,10.411666666666669,7,5.833333333333333,18
12,2017-07-01,Qardho,0.4112666438059597,0.3432,0.1316666666666666,0.04,185616.89,16.371666666666666,7,1.6666666666666667,64
13,2017-07-01,Borama,0.3795999999999999,0.1690000000000001,0.18,0.07,491879.61,26.776666666666667,7,4.666666666666667,17
14,2017-07-01,Qoryooley,0.3691999999999998,0.351,0.3533333333333333,0.12,196309.485,27.45833333333333,7,8.0,65
15,2017-07-01,Berbera,0.3387799937377845,0.1976,0.1033333333333333,0.17,112100.9,11.26,7,1.3333333333333333,16
17,2017-07-01,Belet Xaawo,0.4316000000000001,0.3926,0.2616666666666666,0.23,89717.93999999997,25.688333333333333,7,8.0,15
18,2017-07-01,Saakow,0.4316,0.3925999999999999,0.3349999999999999,0.07,178339.81499999997,49.623333333333335,7,5.833333333333333,67
19,2017-07-01,Belet Weyne,0.429,0.3926,0.22,0.42,281126.69999999995,15.163333333333334,7,11.833333333333334,13
20,2017-07-01,Sheikh,0.3406,0.2028,0.18,0.26,62404.28999999999,17.166666666666668,7,0.8333333333333334,68
21,2017-07-01,Taleex,0.442,0.2912,0.1266666666666666,0.39,57175.47,11.511666666666668,7,1.5,69
22,2017-07-01,Baraawe,0.3692000000000001,0.3510000000000001,0.3816666666666666,0.3,69703.11,49.0675,7,3.333333333333333,11
23,2017-07-01,Baraawe,0.3692,0.3692000000000001,0.3816666666666666,0.3,62978.715,49.0675,7,3.333333333333333,11
24,2017-07-01,Tayeeglow,0.4861999999999999,0.4861999999999999,0.2966666666666667,0.33,99175.77,20.218333333333334,7,6.333333333333333,70
25,2017-07-01,Bandarbeyla,0.4056,0.3432000000000001,0.1383333333333333,0.15,27594.135,12.158333333333331,7,2.1666666666666665,10
26,2017-07-01,Waajid,0.4861999999999999,0.4861999999999999,0.2566666666666666,0.44,85276.75499999999,26.04833333333333,7,7.0,71
28,2017-07-01,Buur Hakaba,0.3588,0.2886,0.3483333333333333,0.35,165968.46,34.945,7,6.166666666666667,24
29,2017-07-01,Wanla Weyn,0.3692,0.351,0.2533333333333333,0.06,227667.915,17.33,7,8.0,72
30,2017-07-01,Laas Caanood,0.442,0.2911999999999999,0.1533333333333333,0.39,170114.66999999998,14.101666666666668,7,6.0,55
31,2017-07-01,Kurtunwaarey,0.3691999999999999,0.3510000000000001,0.4016666666666666,0.17,95730.255,38.73833333333334,7,5.833333333333333,54
32,2017-07-01,Eyl,0.4523999999999998,0.3795999999999999,0.1483333333333333,0.26,105162.21,18.746666666666663,7,3.1666666666666665,39
33,2017-07-01,Galdogob,0.4732,0.4004,0.1766666666666666,0.34,85807.70999999999,14.025,7,1.3333333333333333,41
34,2017-07-01,Doolow,0.4356257436740676,0.3926,0.18,0.23,50233.7,18.89166666666667,7,1.1666666666666667,38
35,2017-07-01,Garbahaarey,0.4316,0.3925999999999999,0.2483333333333333,0.23,91374.975,27.505,7,2.333333333333333,42
36,2017-07-01,Diinsoor,0.3588,0.2886000000000001,0.3716666666666666,0.39,100108.305,43.045,7,9.333333333333334,37
37,2017-07-01,Garoowe,0.458347673913086,0.3795999999999999,0.1383333333333333,0.13,207534.915,19.626666666666665,7,6.833333333333333,43
38,2017-07-01,Dhuusamarreeb,0.5273255872387238,0.4212,0.1883333333333333,0.37,166457.645,10.686666666666667,7,5.166666666666667,36
39,2017-07-01,Gebiley,0.338,0.1975999999999999,0.17,0.15,146038.5,27.05333333333333,7,3.333333333333333,44
40,2017-07-01,Ceerigaabo,0.4446,0.3367000000000001,0.1333333333333333,0.34,239221.62,16.77,7,5.166666666666667,35
41,2017-07-01,Hargeysa,0.3425891325819686,0.1975999999999999,0.0,0.08,1071923.705,19.46333333333333,7,6.5,45
42,2017-07-01,Ceel Waaq,0.4315999999999999,0.3925999999999998,0.295,0.14,32041.53,33.525,7,7.5,34
43,2017-07-01,Hobyo,0.4732,0.4003999999999999,0.1416666666666667,0.5,285434.37,8.616666666666667,7,5.666666666666667,46
44,2017-07-01,Ceel Dheer,0.52,0.4211999999999999,0.1916666666666666,0.38,130366.52999999998,19.48333333333333,7,3.333333333333333,33
45,2017-07-01,Iskushuban,0.4056,0.3432,0.1366666666666667,0.28,82588.86,7.430000000000001,7,2.1666666666666665,47
46,2017-07-01,Ceel Buur,0.52,0.4212,0.1999999999999999,0.33,141229.88999999998,12.718333333333334,7,2.0,32
47,2017-07-01,Jalalaqsi,0.4290000000000001,0.3925999999999999,0.2583333333333333,0.33,76346.775,16.093333333333334,7,5.333333333333333,48
48,2017-07-01,Ceel Barde,0.4861999999999998,0.4861999999999998,0.2233333333333333,0.43,46070.955,17.205000000000002,7,9.5,31
49,2017-07-01,Jamaame,0.4316000000000001,0.3926,0.3766666666666666,0.28,169536.10499999998,61.74666666666667,7,4.5,49
50,2017-07-01,Ceel Afweyn,0.4446,0.3367,0.135,0.38,137053.66499999998,15.371666666666668,7,4.5,30
51,2017-07-01,Jariiban,0.4731999999999999,0.4004,0.1533333333333333,0.38,83205.71999999999,10.07,7,3.333333333333333,50
52,2017-07-01,Caynabo,0.442,0.2911999999999999,0.15,0.43,69235.29,16.83,7,2.0,29
53,2017-07-01,Jilib,0.4316000000000001,0.3925999999999999,0.4516666666666666,0.14,103739.085,70.79833333333333,7,7.5,51
54,2017-07-01,Caluula,0.4056,0.3432,0.1716666666666666,0.38,67184.955,5.688333333333333,7,2.6666666666666665,28
55,2017-07-01,Jowhar,0.3692000000000001,0.351,0.255,0.07,279295.785,15.24,7,5.833333333333333,52
56,2017-07-01,Cadale,0.3691999999999999,0.351,0.22,0.17,48461.80499999999,18.94333333333333,7,6.5,27
57,2017-07-01,Kismaayo,0.4255768922026957,0.3925999999999999,0.4133333333333333,0.3,228785.545,56.086666666666666,7,8.833333333333334,53
58,2017-07-01,Cadaado,0.5199999999999999,0.4212,0.1766666666666666,0.33,81479.34,8.985000000000001,7,2.833333333333333,26
59,2017-07-01,Cabudwaaq,0.5200000000000001,0.4212,0.1899999999999999,0.36,73330.78499999999,11.251666666666663,7,5.5,25
60,2017-07-01,Balcad,0.3692,0.351,0.2716666666666666,0.14,141077.745,20.65833333333333,7,7.0,8
61,2017-07-01,Burco,0.3359409653359994,0.2028,0.185,0.23,560644.8949999999,18.7,7,7.666666666666667,21
62,2017-07-01,Gaalkacyo,0.4796931726673279,0.4004,0.175,0.58,630641.6,11.296666666666669,7,10.5,40
63,2017-07-01,Baki,0.3796,0.169,0.1266666666666666,0.23,70268.22,12.97,7,1.3333333333333333,7
64,2017-07-01,Zeylac,0.3796,0.1689999999999999,0.0966666666666666,0.39,64412.19,9.298333333333334,7,4.5,76
65,2017-07-01,Laasqoray,0.4446000000000001,0.3367,0.15,0.35,186893.055,14.268333333333333,7,1.1666666666666667,56
66,2017-07-01,Badhaadhe,0.4316000000000001,0.3926,0.49,0.15,50723.28,63.031666666666666,7,1.8333333333333333,4
67,2017-07-01,Xudur,0.4862,0.4862,0.2466666666666666,0.45,113853.105,17.761666666666667,7,8.5,75
68,2017-07-01,Afgooye,0.3692,0.351,0.2566666666666666,0.09,309683.38499999995,23.366666666666664,7,9.5,1
69,2017-07-01,Xarardheere,0.4732000000000002,0.4004000000000001,0.1566666666666666,0.25,278193.50999999995,14.223333333333334,7,6.0,73
70,2017-07-01,Baardheere,0.4316,0.3925999999999999,0.2883333333333333,0.21,170132.26499999998,38.105,7,8.166666666666666,3
71,2017-07-01,Afmadow,0.4206678541919456,0.3925999999999999,0.365,0.1,80386.78,55.97166666666666,7,5.0,2
72,2017-07-01,Baidoa,0.3774023043398614,0.2886,0.35,0.39,450683.52,32.67333333333333,7,14.0,6
73,2017-07-01,Xudun,0.442,0.2912,0.1266666666666666,0.46,42361.515,15.235,7,1.6666666666666667,74
74,2018-01-01,Marka,0.351,0.3971406259324205,0.3116666666666667,0.03,282222.765,14.213333333333331,1,11.0,60
75,2018-01-01,Burco,0.2028,0.2211366753028379,0.185,0.05,534884.8949999999,15.870000000000005,1,7.0,21
76,2018-01-01,Qoryooley,0.351,0.4363798525409664,0.3466666666666667,0.09,196309.485,20.61,1,7.833333333333333,65
77,2018-01-01,Gaalkacyo,0.4004,0.4668580324895174,0.18,0.29,584319.6,10.981666666666667,1,9.333333333333334,40
78,2018-01-01,Ceel Waaq,0.3925999999999998,0.2770029164634731,0.2783333333333333,0.0,32041.53,34.19166666666667,1,5.833333333333333,34
79,2018-01-01,Badhaadhe,0.3926,0.3711192650605567,0.5016666666666667,0.09,50723.28,35.37666666666667,1,1.5,4
80,2018-01-01,Owdweyne,0.2028,0.2303423878316652,0.15,0.3,78004.845,16.495,1,0.5,61
81,2018-01-01,Bulo Burto,0.3926,0.3908949717937982,0.2733333333333333,0.25,181435.5,23.03,1,3.8333333333333335,20
82,2018-01-01,Hargeysa,0.1975999999999999,0.2386485041615721,0.0,0.14,1027923.705,16.698333333333334,1,7.666666666666667,45
83,2018-01-01,Jariiban,0.4004,0.4050420526164857,0.1416666666666667,0.2,83205.71999999999,5.64,1,2.833333333333333,50
84,2018-01-01,Afgooye,0.351,0.384859060068862,0.2733333333333334,0.0,309683.38499999995,21.791666666666668,1,9.833333333333334,1
85,2018-01-01,Bu'aale,0.3925999999999999,0.4125181113098476,0.4233333333333333,0.0,93543.3,38.975,1,2.1666666666666665,19
86,2018-01-01,Xudun,0.2912,0.2431695325710332,0.1133333333333333,0.34,42361.515,7.319999999999999,1,0.8333333333333334,74
87,2018-01-01,Borama,0.1690000000000001,0.2406251937071188,0.2016666666666666,0.04,491879.61,36.94833333333333,1,5.666666666666667,17
88,2018-01-01,Qardho,0.3432,0.5372761677527557,0.13,0.04,174970.88999999998,7.013333333333333,1,1.6666666666666667,64
89,2018-01-01,Ceerigaabo,0.3367000000000001,0.3096083862495412,0.1333333333333333,0.24,239221.62,18.895,1,3.8333333333333335,35
90,2018-01-01,Qansax Dheere,0.2886,0.5092847348131929,0.2666666666666666,0.09,123818.085,27.285,1,6.666666666666667,63
91,2018-01-01,Bossaso,0.3432,0.482210605259551,0.1483333333333333,0.01,316531.98,9.083333333333334,1,6.333333333333333,18
92,2018-01-01,Gebiley,0.1975999999999999,0.2443191130723181,0.2083333333333333,0.13,146038.5,23.33833333333333,1,3.8333333333333335,44
93,2018-01-01,Dhuusamarreeb,0.4212,0.3909032104916541,0.2083333333333333,0.18,162957.645,22.266666666666666,1,5.666666666666667,36
94,2018-01-01,Hobyo,0.4003999999999999,0.3354148794445133,0.1366666666666667,0.25,142717.185,11.230000000000002,1,4.833333333333333,46
95,2018-01-01,Buuhoodle,0.2027999999999999,0.226129551832888,0.2216666666666666,0.17,71317.70999999999,27.461666666666662,1,2.1666666666666665,23
96,2018-01-01,Burtinle,0.3795999999999999,0.4927859267135329,0.1883333333333333,0.08,112734.27,10.768333333333333,1,4.0,22
97,2018-01-01,Afmadow,0.3925999999999999,0.3680877161916911,0.3216666666666666,0.01,67386.78,37.89833333333333,1,5.0,2
98,2018-01-01,Ceel Afweyn,0.3367,0.2906972787612182,0.1383333333333333,0.27,137053.66499999998,17.48,1,4.0,30
99,2018-01-01,Caynabo,0.2911999999999999,0.2428031590674251,0.1483333333333333,0.31,69235.29,13.275,1,1.1666666666666667,29
100,2018-01-01,Jilib,0.3925999999999999,0.4060356888423295,0.3916666666666666,0.09,103739.085,32.443333333333335,1,4.0,51
101,2018-01-01,Jamaame,0.3926,0.4077438698894172,0.3333333333333333,0.25,169536.10499999998,23.81,1,4.166666666666667,49
102,2018-01-01,Caluula,0.3432,0.4507637375759017,0.1733333333333333,0.21,67184.955,4.72,1,4.0,28
103,2018-01-01,Jowhar,0.351,0.3830459721840857,0.26,0.0,279295.785,23.016666666666666,1,5.333333333333333,52
104,2018-01-01,Ceel Barde,0.4861999999999998,0.34701491572768,0.2533333333333333,0.0,46070.955,18.793333333333333,1,5.5,31
105,2018-01-01,Cadale,0.351,0.2829201738380863,0.2266666666666666,0.0,48461.80499999999,23.55333333333333,1,6.166666666666667,27
106,2018-01-01,Zeylac,0.1689999999999999,0.4330650433619875,0.095,0.57,64412.19,12.045,1,4.666666666666667,76
107,2018-01-01,Kismaayo,0.3925999999999999,0.4685498464822668,0.3433333333333333,0.17,218785.545,29.801666666666662,1,7.5,53
108,2018-01-01,Jalalaqsi,0.3925999999999999,0.3858321287337016,0.2783333333333333,0.16,76346.775,22.641666666666666,1,4.0,48
109,2018-01-01,Cadaado,0.4212,0.4263710655123516,0.185,0.15,81479.34,14.24,1,2.333333333333333,26
110,2018-01-01,Baardheere,0.3925999999999999,0.2972606382668021,0.2933333333333333,0.0,170132.26499999998,38.45666666666667,1,7.833333333333333,3
111,2018-01-01,Kurtunwaarey,0.3510000000000001,0.4461179568825337,0.365,0.18,95730.255,24.39,1,6.5,54
112,2018-01-01,Ceel Buur,0.4212,0.3602624374798162,0.2233333333333333,0.14,141229.88999999998,20.66333333333333,1,1.8333333333333333,32
113,2018-01-01,Cabudwaaq,0.4212,0.4299665440197571,0.215,0.14,73330.78499999999,24.223333333333333,1,5.833333333333333,25
114,2018-01-01,Laas Caanood,0.2911999999999999,0.2293654902134254,0.1516666666666666,0.26,170114.66999999998,15.746666666666668,1,4.833333333333333,55
115,2018-01-01,Buur Hakaba,0.2886,0.4846909879180319,0.3633333333333333,0.1,165968.46,25.53,1,5.0,24
116,2018-01-01,Iskushuban,0.3432,0.4846457772814762,0.125,0.16,82588.86,4.785,1,2.6666666666666665,47
117,2018-01-01,Laasqoray,0.3367,0.2261999999999999,0.1433333333333333,0.33,186893.055,9.473333333333333,1,1.5,56
118,2018-01-01,Lughaye,0.169,0.4196119285022721,0.0833333333333333,0.36,70268.22,6.658333333333334,1,3.5,58
119,2018-01-01,Ceel Dheer,0.4211999999999999,0.3142399717243435,0.2066666666666666,0.19,130366.52999999998,21.86666666666667,1,2.333333333333333,33
120,2018-01-01,Berbera,0.1976,0.2949701973955382,0.105,0.17,111510.9,9.226666666666668,1,1.6666666666666667,16
121,2018-01-01,Luuq,0.3926,0.4123022966960434,0.1883333333333333,0.0,100476.765,23.28,1,5.833333333333333,59
122,2018-01-01,Xudur,0.4862,0.4689020964811947,0.2483333333333333,0.14,113853.105,20.7,1,8.5,75
123,2018-01-01,Baidoa,0.2886,0.6333880388856111,0.365,0.06,430013.52,29.305000000000003,1,11.166666666666666,6
124,2018-01-01,Qandala,0.3431999999999999,0.4649012053458273,0.1583333333333333,0.21,75823.06499999999,9.72,1,1.8333333333333333,62
126,2018-01-01,Garbahaarey,0.3925999999999999,0.345678336354725,0.2533333333333333,0.0,91374.975,25.72833333333333,1,1.6666666666666667,42
127,2018-01-01,Adan Yabaal,0.3510000000000001,0.2789393906990287,0.225,0.0,65262.95999999999,25.348333333333333,1,3.6666666666666665,0
128,2018-01-01,Eyl,0.3795999999999999,0.456573523755734,0.1516666666666666,0.17,105162.21,5.705000000000001,1,1.8333333333333333,39
129,2018-01-01,Sheikh,0.2028,0.2505864840856458,0.1816666666666666,0.07,62404.28999999999,20.775,1,0.5,68
130,2018-01-01,Xarardheere,0.4004000000000001,0.3447106682656731,0.1816666666666666,0.09,278193.50999999995,16.915000000000003,1,4.333333333333333,73
131,2018-01-01,Belet Weyne,0.3926,0.4637281725694139,0.2283333333333333,0.24,281126.69999999995,20.93166666666667,1,7.666666666666667,13
132,2018-01-01,Galdogob,0.4004,0.4695085383288688,0.19,0.12,85807.70999999999,14.243333333333332,1,2.333333333333333,41
133,2018-01-01,Diinsoor,0.2886000000000001,0.4769534198876959,0.345,0.09,100108.305,29.26,1,7.833333333333333,37
134,2018-01-01,Waajid,0.4861999999999999,0.4748949097855825,0.25,0.11,85276.75499999999,28.575,1,6.0,71
135,2018-01-01,Tayeeglow,0.4861999999999999,0.3502607787971933,0.3116666666666667,0.08,99175.77,20.426666666666662,1,4.0,70
136,2018-01-01,Doolow,0.3926,0.5392512067568789,0.2016666666666666,0.0,42455.7,18.03333333333333,1,1.5,38
137,2018-01-01,Taleex,0.2912,0.2547557920787028,0.1166666666666666,0.37,57175.47,9.048333333333334,1,1.6666666666666667,69
138,2018-01-01,Saakow,0.3925999999999999,0.3717999999999999,0.295,0.0,178339.81499999997,35.08833333333333,1,2.833333333333333,67
139,2018-01-01,Bandarbeyla,0.3432000000000001,0.499901764184284,0.1333333333333333,0.15,27594.135,7.66,1,2.0,10
140,2018-01-01,Baraawe,0.3510000000000001,0.4309610549243231,0.3408333333333333,0.29,69703.11,25.896666666666665,1,3.5,11
141,2018-01-01,Balcad,0.351,0.3580405856281527,0.29,0.0,141077.745,24.646666666666665,1,5.833333333333333,8
142,2018-01-01,Baraawe,0.3510000000000001,0.3510000000000001,0.3408333333333333,0.29,62978.715,25.896666666666665,1,3.5,11
143,2018-01-01,Wanla Weyn,0.351,0.3788174337777663,0.2616666666666666,0.0,227667.915,21.883333333333336,1,7.5,72
145,2018-01-01,Belet Xaawo,0.3926,0.3942363701220913,0.2699999999999999,0.0,89717.93999999997,22.206666666666667,1,6.833333333333333,15
146,2018-01-01,Baki,0.169,0.2761092768701464,0.135,0.1,70268.22,14.835,1,1.5,7
147,2018-01-01,Garoowe,0.3795999999999999,0.5170266990935967,0.14,0.08,188544.915,10.928333333333333,1,7.0,43
148,2018-07-01,Galdogob,0.4695085383288688,0.4017369795363936,0.1933333333333333,0.09,96228.94625799869,22.26833333333333,7,0.5,41
149,2018-07-01,Cabudwaaq,0.4299665440197571,0.3232371835699271,0.245,0.17,148952.26299964866,31.296666666666667,7,5.0,25
150,2018-07-01,Buuhoodle,0.226129551832888,0.188847667729668,0.2366666666666666,0.07,114678.62295159738,24.96666666666667,7,1.3333333333333333,23
151,2018-07-01,Laasqoray,0.2261999999999999,0.3817815509494871,0.145,0.15,53800.5744763104,12.961666666666666,7,0.5,56
152,2018-07-01,Baki,0.2761092768701464,0.3124852051578765,0.1366666666666667,0.14,99262.17263864214,29.524999999999995,7,0.1666666666666666,7
153,2018-07-01,Taleex,0.2547557920787028,0.3787844823934796,0.125,0.44,38521.922596223885,9.59,7,1.1666666666666667,69
154,2018-07-01,Laas Caanood,0.2293654902134254,0.3237610476395274,0.1516666666666666,0.41,220788.33591955536,13.065,7,4.333333333333333,55
155,2018-07-01,Wanla Weyn,0.3788174337777663,0.4417324945420314,0.335,0.0,105508.44272316828,38.31,7,4.5,72
156,2018-07-01,Iskushuban,0.4846457772814762,0.4239158201206688,0.1333333333333333,0.08,60361.40289872798,6.125,7,0.6666666666666666,47
157,2018-07-01,Ceel Buur,0.3602624374798162,0.3168079047398306,0.24,0.17,75284.97791694281,25.290000000000003,7,1.1666666666666667,32
158,2018-07-01,Buur Hakaba,0.4846909879180319,0.47037719442215,0.4316666666666666,0.1,128204.6513460276,65.22166666666666,7,2.333333333333333,24
160,2018-07-01,Baardheere,0.2972606382668021,0.2870882907046133,0.365,0.07,122284.68350495162,70.635,7,2.6666666666666665,3
161,2018-07-01,Lughaye,0.4196119285022721,0.2962807470311721,0.0983333333333333,0.41,99442.45554944112,14.143333333333333,7,1.8333333333333333,58
162,2018-07-01,Cadaado,0.4263710655123516,0.3305779447408884,0.1999999999999999,0.14,108059.64692015851,34.7,7,1.6666666666666667,26
163,2018-07-01,Kurtunwaarey,0.4461179568825337,0.4391758387432182,0.4716666666666667,0.0,257277.9921167836,63.02,7,5.166666666666667,54
164,2018-07-01,Jariiban,0.4050420526164857,0.3547174345570384,0.1733333333333333,0.13,77164.65979907343,16.19666666666667,7,2.5,50
165,2018-07-01,Balcad,0.3580405856281527,0.4256324032458843,0.3266666666666666,0.03,211434.1247319937,32.92333333333333,7,3.6666666666666665,8
166,2018-07-01,Ceel Afweyn,0.2906972787612182,0.4201611561308622,0.1466666666666666,0.15,119189.63988343433,28.96333333333333,7,4.5,30
167,2018-07-01,Caynabo,0.2428031590674251,0.3464523514753054,0.1683333333333333,0.44,38882.923681135246,29.903333333333336,7,0.3333333333333333,29
168,2018-07-01,Gaalkacyo,0.4668580324895174,0.3939217335250711,0.1933333333333333,0.19,420293.0224489165,21.956666666666667,7,4.666666666666667,40
170,2018-07-01,Jilib,0.4060356888423295,0.3157056116630282,0.4666666666666666,0.08,177363.81212203606,123.44,7,4.0,51
171,2018-07-01,Jamaame,0.4077438698894172,0.3149404261361454,0.4316666666666666,0.08,72274.03765624086,102.58666666666666,7,3.5,49
172,2018-07-01,Caluula,0.4507637375759017,0.5231865541625861,0.1616666666666666,0.05,49878.02246678231,4.931666666666668,7,1.3333333333333333,28
173,2018-07-01,Waajid,0.4748949097855825,0.4792888339084379,0.3266666666666666,0.09,122373.31931054375,66.39833333333333,7,3.8333333333333335,71
174,2018-07-01,Jowhar,0.3830459721840857,0.4361091139158288,0.35,0.03,183042.93582933792,34.254999999999995,7,3.333333333333333,52
175,2018-07-01,Ceel Barde,0.34701491572768,0.523846379837409,0.3066666666666667,0.0,62204.20387382111,51.81666666666666,7,4.166666666666667,31
176,2018-07-01,Cadale,0.2829201738380863,0.397642761583422,0.27,0.0,83698.7844852664,33.556666666666665,7,4.333333333333333,27
178,2018-07-01,Zeylac,0.4330650433619875,0.2939877424871059,0.1016666666666666,0.4,76799.71197431434,14.223333333333334,7,4.166666666666667,76
179,2018-07-01,Eyl,0.456573523755734,0.3843661195946408,0.1483333333333333,0.09,92352.216683081,16.595000000000002,7,1.3333333333333333,39
180,2018-07-01,Kismaayo,0.4685498464822668,0.3096236699207461,0.4583333333333333,0.4,194982.61424177085,96.695,7,6.166666666666667,53
181,2018-07-01,Jalalaqsi,0.3858321287337016,0.4698845151234747,0.3383333333333333,0.09,137166.99069700082,34.66166666666667,7,3.1666666666666665,48
182,2018-07-01,Ceel Dheer,0.3142399717243435,0.3237222467082124,0.2316666666666666,0.13,103004.37800500816,33.205000000000005,7,1.1666666666666667,33
183,2018-07-01,Tayeeglow,0.3502607787971933,0.4731941786256158,0.3766666666666667,0.06,62826.76428427834,45.64666666666667,7,1.0,70
184,2018-07-01,Adan Yabaal,0.2789393906990287,0.3959736631857278,0.26,0.0,37859.154953401936,35.59,7,1.5,0
185,2018-07-01,Bandarbeyla,0.499901764184284,0.3786044640745989,0.1266666666666666,0.05,14286.58526534636,9.736666666666666,7,1.1666666666666667,10
186,2018-07-01,Qoryooley,0.4363798525409664,0.4388574958395,0.44,0.0,282277.1749967973,44.995000000000005,7,4.833333333333333,65
187,2018-07-01,Afmadow,0.3680877161916911,0.3567363956871535,0.4283333333333333,0.05,180756.29518407176,87.60833333333333,7,3.333333333333333,2
188,2018-07-01,Belet Weyne,0.4637281725694139,0.4709482336256127,0.26,0.22,257210.9053470947,34.67,7,6.166666666666667,13
189,2018-07-01,Garbahaarey,0.345678336354725,0.3582420806274685,0.305,0.02,150445.26937163374,53.81666666666667,7,2.0,42
190,2018-07-01,Badhaadhe,0.3711192650605567,0.2330307158506623,0.5316666666666666,0.0,41293.78545781948,110.49,7,1.5,4
191,2018-07-01,Owdweyne,0.2303423878316652,0.2072939133886237,0.175,0.1,99751.78651328415,36.175,7,0.5,61
192,2018-07-01,Belet Xaawo,0.3942363701220913,0.4070600258586147,0.33,0.03,80263.42747402092,48.461666666666666,7,2.333333333333333,15
193,2018-07-01,Hargeysa,0.2386485041615721,0.1951645146346709,0.0,0.23,959744.1903862744,42.565,7,5.166666666666667,45
194,2018-07-01,Borama,0.2406251937071188,0.204456465641011,0.1983333333333333,0.16,397759.659833392,45.571666666666665,7,4.333333333333333,17
195,2018-07-01,Diinsoor,0.4769534198876959,0.4709407002848428,0.4116666666666667,0.08,144645.3749179251,83.28833333333334,7,5.833333333333333,37
196,2018-07-01,Bu'aale,0.4125181113098476,0.31831560695452,0.48,0.09,102232.682999872,100.16833333333334,7,3.5,19
198,2018-07-01,Qandala,0.4649012053458273,0.4847031486728068,0.16,0.08,50358.19680656703,10.048333333333334,7,0.8333333333333334,62
199,2018-07-01,Ceerigaabo,0.3096083862495412,0.4231594017049179,0.135,0.14,186214.57602082423,18.82333333333333,7,3.8333333333333335,35
200,2018-07-01,Saakow,0.3922946898077266,0.3836149906890133,0.3916666666666666,0.05,69325.1698295153,72.82000000000001,7,3.6666666666666665,67
201,2018-07-01,Xudun,0.2431695325710332,0.3499931256730363,0.1383333333333333,0.54,29233.817803085487,18.26,7,0.0,74
202,2018-07-01,Bossaso,0.482210605259551,0.3942170096006928,0.1433333333333333,0.26,474784.6404434893,9.94,7,5.333333333333333,18
203,2018-07-01,Saakow,0.3717999999999999,0.3922946898077266,0.3916666666666666,0.05,14000.0,72.82000000000001,7,3.6666666666666665,67
204,2018-07-01,Qansax Dheere,0.5092847348131929,0.4706401766004414,0.34,0.11,69363.1772816809,60.24666666666667,7,3.8333333333333335,63
205,2018-07-01,Ceel Waaq,0.2770029164634731,0.3215618498962238,0.4016666666666666,0.07,42841.35404644698,58.55833333333334,7,3.1666666666666665,34
206,2018-07-01,Bulo Burto,0.3908949717937982,0.470453127878576,0.3216666666666666,0.12,126308.10395590446,35.43333333333333,7,3.0,20
207,2018-07-01,Qardho,0.5372761677527557,0.4087521426316601,0.125,0.08,80478.15211908707,11.105,7,1.1666666666666667,64
208,2018-07-01,Xudur,0.4689020964811947,0.48161201917032,0.3283333333333333,0.11,119822.71253135678,50.84,7,5.666666666666667,75
209,2018-07-01,Baraawe,0.4309610549243231,0.3785774588022779,0.3999999999999999,0.0,24953.239247136426,86.7525,7,2.4166666666666665,11
210,2018-07-01,Hobyo,0.3354148794445133,0.3520726565695597,0.1816666666666666,0.15,90079.84358712788,24.48,7,2.833333333333333,46
211,2018-07-01,Burtinle,0.4927859267135329,0.4133399855287525,0.1916666666666666,0.07,61401.072470727006,16.126666666666665,7,3.1666666666666665,22
212,2018-07-01,Baraawe,0.3785774588022779,0.4365207106198354,0.3999999999999999,0.0,71451.00452711528,86.7525,7,2.4166666666666665,11
213,2018-07-01,Garoowe,0.5170266990935967,0.3790731071095702,0.1316666666666666,0.06,238943.83260569465,13.626666666666669,7,6.5,43
214,2018-07-01,Berbera,0.2949701973955382,0.2657364311048932,0.105,0.22,178810.11668822702,30.686666666666667,7,0.5,16
215,2018-07-01,Sheikh,0.2505864840856458,0.2526659184696406,0.1999999999999999,0.05,65965.83992880996,40.45166666666667,7,0.6666666666666666,68
216,2018-07-01,Luuq,0.4123022966960434,0.4097136186539254,0.2566666666666666,0.06,42201.02354780796,49.905,7,2.333333333333333,59
217,2018-07-01,Gebiley,0.2443191130723181,0.195572345649635,0.2066666666666666,0.22,103448.69292549856,47.72,7,3.5,44
218,2018-07-01,Xarardheere,0.3447106682656731,0.3440937497588239,0.22,0.03,34095.52790194442,31.723333333333333,7,2.333333333333333,73
219,2018-07-01,Afgooye,0.384859060068862,0.4383403468241347,0.35,0.0,262835.8188681545,35.82666666666667,7,5.5,1
220,2018-07-01,Burco,0.2211366753028379,0.1770356571398554,0.1933333333333333,0.12,440966.7506063085,32.763333333333335,7,6.333333333333333,21
221,2018-07-01,Baidoa,0.6333880388856111,0.4723126687951987,0.4116666666666667,0.25,271288.5935653316,74.02499999999999,7,7.166666666666667,6
222,2018-07-01,Dhuusamarreeb,0.3909032104916541,0.3069711905400723,0.225,0.25,134132.73415617252,28.72,7,2.1666666666666665,36
223,2018-07-01,Marka,0.3971406259324205,0.4356751207813825,0.3899999999999999,0.0,197917.20494918805,32.068333333333335,7,6.333333333333333,60
224,2018-07-01,Doolow,0.5392512067568789,0.3983778863086515,0.2333333333333333,0.42,70367.24202467134,42.73833333333334,7,0.8333333333333334,38
225,2019-01-01,Laasqoray,0.3817815509494871,0.3657972542777379,0.1466666666666666,0.14,53800.5744763104,8.290000000000001,1,0.8333333333333334,56
226,2019-01-01,Dhuusamarreeb,0.3069711905400723,0.350049306671516,0.2083333333333333,0.11,134132.73415617252,6.873333333333334,1,2.0,36
228,2019-01-01,Gaalkacyo,0.3939217335250711,0.3602422105460542,0.1833333333333333,0.1,420293.0224489165,5.4816666666666665,1,4.5,40
229,2019-01-01,Ceel Afweyn,0.4201611561308622,0.4022499807716035,0.15,0.16,119189.63988343433,11.418333333333337,1,3.5,30
230,2019-01-01,Eyl,0.3843661195946408,0.389948051145162,0.155,0.1,92352.216683081,6.551666666666667,1,1.8333333333333333,39
231,2019-01-01,Jamaame,0.3149404261361454,0.532680040708361,0.3966666666666666,0.02,72274.03765624086,15.638333333333334,1,2.1666666666666665,49
232,2019-01-01,Hobyo,0.3520726565695597,0.3487584354785739,0.1816666666666666,0.09,90079.84358712788,4.646666666666667,1,4.0,46
233,2019-01-01,Gebiley,0.195572345649635,0.2418992297764819,0.235,0.09,103448.69292549856,23.286666666666665,1,3.1666666666666665,44
234,2019-01-01,Doolow,0.3983778863086515,0.5545845681860391,0.22,0.27,70367.24202467134,19.875,1,1.6666666666666667,38
235,2019-01-01,Galdogob,0.4017369795363936,0.3845598383707495,0.1933333333333333,0.06,96228.94625799869,7.88,1,1.6666666666666667,41
236,2019-01-01,Afgooye,0.4383403468241347,0.462159131461528,0.3316666666666666,0.01,262835.8188681545,20.955,1,4.166666666666667,1
237,2019-01-01,Iskushuban,0.4239158201206688,0.4394605539382136,0.1316666666666666,0.12,60361.40289872798,4.553333333333334,1,2.333333333333333,47
238,2019-01-01,Adan Yabaal,0.3959736631857278,0.3406226826633605,0.2733333333333334,0.04,37859.154953401936,17.665,1,3.1666666666666665,0
239,2019-01-01,Ceel Buur,0.3168079047398306,0.3777466079633201,0.2316666666666667,0.05,75284.97791694281,8.383333333333333,1,0.6666666666666666,32
240,2019-01-01,Ceel Waaq,0.3215618498962238,0.4894280635303719,0.3833333333333333,0.0,42841.35404644698,43.80166666666667,1,1.1666666666666667,34
241,2019-01-01,Hargeysa,0.1951645146346709,0.2213906679944643,0.0249999999999999,0.12,959744.1903862744,17.46666666666667,1,4.166666666666667,45
242,2019-01-01,Garbahaarey,0.3582420806274685,0.5554649634831142,0.3033333333333333,0.0,150445.26937163374,30.85666666666667,1,1.6666666666666667,42
243,2019-01-01,Diinsoor,0.4709407002848428,0.5512844916157692,0.4133333333333333,0.07,144645.3749179251,39.88333333333333,1,1.8333333333333333,37
244,2019-01-01,Ceel Dheer,0.3237222467082124,0.302048788800896,0.2433333333333333,0.02,103004.37800500816,14.296666666666669,1,1.0,33
245,2019-01-01,Jalalaqsi,0.4698845151234747,0.5921047430628529,0.315,0.06,137166.99069700082,14.2,1,2.833333333333333,48
247,2019-01-01,Ceerigaabo,0.4231594017049179,0.3969125115565767,0.135,0.14,186214.57602082423,10.696666666666664,1,2.333333333333333,35
248,2019-01-01,Ceel Barde,0.523846379837409,0.5293849399339471,0.2983333333333333,0.0,62204.20387382111,18.026666666666667,1,5.5,31
250,2019-01-01,Garoowe,0.3790731071095702,0.3712592237262992,0.1333333333333333,0.08,238943.83260569465,7.445,1,5.0,43
251,2019-01-01,Wanla Weyn,0.4417324945420314,0.4732566779470763,0.31,0.0,105508.44272316828,20.523333333333333,1,3.1666666666666665,72
252,2019-01-01,Qandala,0.4847031486728068,0.4662120199606611,0.1633333333333333,0.09,50358.19680656703,9.96,1,0.6666666666666666,62
253,2019-01-01,Taleex,0.3787844823934796,0.3972102948995347,0.1233333333333333,0.31,38521.922596223885,6.571666666666666,1,0.8333333333333334,69
254,2019-01-01,Baidoa,0.4723126687951987,0.5737354286751378,0.3983333333333334,0.2,271288.5935653316,26.9,1,4.166666666666667,6
255,2019-01-01,Burtinle,0.4133399855287525,0.3848427803948877,0.1833333333333333,0.05,61401.072470727006,7.9700000000000015,1,2.5,22
256,2019-01-01,Luuq,0.4097136186539254,0.500413842160481,0.2283333333333333,0.01,42201.02354780796,21.321666666666665,1,1.1666666666666667,59
257,2019-01-01,Baraawe,0.4365207106198354,0.439931798183591,0.4033333333333333,0.0,24953.239247136426,20.293333333333333,1,1.9166666666666667,11
258,2019-01-01,Burco,0.1770356571398554,0.2998339565222233,0.1949999999999999,0.15,440966.7506063085,13.123333333333331,1,5.166666666666667,21
259,2019-01-01,Marka,0.4356751207813825,0.4539589601919299,0.405,0.03,197917.20494918805,12.996666666666668,1,5.333333333333333,60
260,2019-01-01,Baraawe,0.439931798183591,0.4578215216645919,0.4033333333333333,0.0,71451.00452711528,20.293333333333333,1,1.9166666666666667,11
261,2019-01-01,Bulo Burto,0.470453127878576,0.5898451672177014,0.3183333333333333,0.08,126308.10395590446,15.311666666666667,1,2.1666666666666665,20
262,2019-01-01,Owdweyne,0.2072939133886237,0.3310823852137992,0.17,0.13,99751.78651328415,15.093333333333334,1,0.5,61
263,2019-01-01,Sheikh,0.2526659184696406,0.311807882954238,0.2183333333333333,0.14,65965.83992880996,23.07333333333333,1,0.6666666666666666,68
264,2019-01-01,Badhaadhe,0.2330307158506623,0.4823586641167936,0.5516666666666666,0.01,41293.78545781948,42.335,1,1.1666666666666667,4
265,2019-01-01,Bu'aale,0.31831560695452,0.5163749201445982,0.4833333333333333,0.01,102232.682999872,37.32,1,3.6666666666666665,19
266,2019-01-01,Jariiban,0.3547174345570384,0.3501107168133883,0.1683333333333333,0.07,77164.65979907343,4.23,1,3.0,50
267,2019-01-01,Xarardheere,0.3440937497588239,0.2395519799571875,0.235,0.01,34095.52790194442,8.825,1,1.5,73
268,2019-01-01,Bossaso,0.3942170096006928,0.3081383281834315,0.1483333333333333,0.13,474784.6404434893,9.238333333333332,1,7.833333333333333,18
269,2019-01-01,Xudun,0.3499931256730363,0.3752507299375622,0.135,0.38,29233.817803085487,5.7316666666666665,1,1.0,74
270,2019-01-01,Qansax Dheere,0.4706401766004414,0.5490683229813664,0.3366666666666666,0.08,69363.1772816809,38.045,1,1.8333333333333333,63
271,2019-01-01,Borama,0.204456465641011,0.2736328112610178,0.2299999999999999,0.2,397759.659833392,29.058333333333334,1,4.666666666666667,17
272,2019-01-01,Qardho,0.4087521426316601,0.3450721294564353,0.1316666666666666,0.08,80478.15211908707,6.811666666666667,1,1.0,64
273,2019-01-01,Saakow,0.3014139973234372,0.4181286549707602,0.37,0.03,69325.1698295153,51.725,1,2.833333333333333,67
274,2019-01-01,Berbera,0.2657364311048932,0.2430326560610348,0.1183333333333333,0.2,178810.11668822702,16.305,1,0.3333333333333333,16
275,2019-01-01,Qoryooley,0.4388574958395,0.4647070601850455,0.4483333333333333,0.03,282277.1749967973,20.985,1,3.6666666666666665,65
276,2019-01-01,Belet Weyne,0.4709482336256127,0.5868054618205713,0.245,0.1,222898.05826843024,11.73,1,5.0,13
277,2019-01-01,Belet Xaawo,0.4070600258586147,0.5172155129757019,0.33,0.0,80263.42747402092,31.275,1,3.1666666666666665,15
278,2019-01-01,Lughaye,0.2962807470311721,0.2659179435275348,0.1116666666666666,0.43,99442.45554944112,9.858333333333333,1,1.5,58
279,2019-01-01,Xudur,0.48161201917032,0.5457788588250408,0.3283333333333333,0.05,119822.71253135678,22.971666666666664,1,3.333333333333333,75
280,2019-01-01,Saakow,0.3836149906890133,0.3014139973234372,0.37,0.03,14000.0,51.725,1,2.833333333333333,67
281,2019-01-01,Cadaado,0.3305779447408884,0.3520109308137275,0.1949999999999999,0.06,108059.64692015851,5.918333333333333,1,2.333333333333333,26
282,2019-01-01,Jilib,0.3157056116630282,0.5113327705575001,0.46,0.01,177363.81212203606,24.185,1,4.166666666666667,51
283,2019-01-01,Zeylac,0.2939877424871059,0.2649276406311697,0.11,0.42,76799.71197431434,12.575,1,6.166666666666667,76
284,2019-01-01,Jowhar,0.4361091139158288,0.4607258650079849,0.3416666666666666,0.01,183042.93582933792,15.681666666666668,1,4.166666666666667,52
285,2019-01-01,Balcad,0.4256324032458843,0.4207892941616012,0.3316666666666666,0.02,211434.1247319937,20.25333333333333,1,4.0,8
286,2019-01-01,Cadale,0.397642761583422,0.3368835013608263,0.2666666666666666,0.04,83698.7844852664,18.245,1,2.5,27
287,2019-01-01,Buuhoodle,0.188847667729668,0.3121385033565494,0.2366666666666666,0.12,114678.62295159738,19.356666666666666,1,2.1666666666666665,23
288,2019-01-01,Waajid,0.4792888339084379,0.5458546307673043,0.295,0.04,122373.31931054375,23.201666666666668,1,1.6666666666666667,71
289,2019-01-01,Kismaayo,0.3096236699207461,0.412029161025459,0.4383333333333333,0.13,194982.61424177085,34.08166666666667,1,6.666666666666667,53
291,2019-01-01,Afmadow,0.3567363956871535,0.5119018086833421,0.3933333333333333,0.03,180756.29518407176,49.73666666666667,1,2.6666666666666665,2
292,2019-01-01,Caluula,0.5231865541625861,0.4710581502935269,0.1733333333333333,0.06,49878.02246678231,6.948333333333333,1,2.6666666666666665,28
293,2019-01-01,Kurtunwaarey,0.4391758387432182,0.4656396293608185,0.5216666666666666,0.04,257277.9921167836,22.78333333333333,1,3.0,54
294,2019-01-01,Tayeeglow,0.4731941786256158,0.5481180166869125,0.3966666666666666,0.05,62826.76428427834,20.121666666666663,1,0.8333333333333334,70
295,2019-01-01,Cabudwaaq,0.3232371835699271,0.3728535271691253,0.2183333333333333,0.03,148952.26299964866,8.76,1,2.6666666666666665,25
296,2019-01-01,Baardheere,0.2870882907046133,0.5213965829380455,0.35,0.02,122284.68350495162,49.48,1,2.333333333333333,3
297,2019-01-01,Baki,0.3124852051578765,0.3180265223059977,0.1583333333333333,0.17,99262.17263864214,15.991666666666667,1,0.3333333333333333,7
298,2019-01-01,Laas Caanood,0.3237610476395274,0.3366077651757097,0.15,0.16,220788.33591955536,9.458333333333334,1,4.666666666666667,55
299,2019-01-01,Buur Hakaba,0.47037719442215,0.5490683229813665,0.4066666666666667,0.08,128204.6513460276,23.921666666666667,1,2.1666666666666665,24
301,2019-01-01,Bandarbeyla,0.3786044640745989,0.3730940069179668,0.1283333333333333,0.08,14286.58526534636,8.346666666666666,1,1.8333333333333333,10
302,2019-01-01,Caynabo,0.3464523514753054,0.3738642018133994,0.165,0.32,38882.923681135246,10.436666666666667,1,0.6666666666666666,29
303,2019-07-01,Wanla Weyn,0.4732566779470763,0.4147038987749591,0.2683333333333333,0.0,105508.44272316828,21.35333333333333,7,3.0,72
304,2019-07-01,Xarardheere,0.2395519799571875,0.3962781291497199,0.22,0.01,34095.52790194442,27.295,7,0.8333333333333334,73
305,2019-07-01,Taleex,0.3972102948995347,0.3772534798111706,0.1416666666666666,0.31,38521.922596223885,10.405,7,0.5,69
307,2019-07-01,Waajid,0.5458546307673043,0.5312342103332384,0.255,0.04,122373.31931054375,32.306666666666665,7,1.8333333333333333,71
308,2019-07-01,Saakow,0.4181286549707602,0.5116476181559747,0.325,0.03,14000.0,42.53666666666667,7,2.5,67
309,2019-07-01,Saakow,0.5116476181559747,0.4082173073829072,0.325,0.03,69325.1698295153,42.53666666666667,7,2.5,67
310,2019-07-01,Gaalkacyo,0.3602422105460542,0.4778162642037701,0.18,0.1,420293.0224489165,16.93,7,3.5,40
311,2019-07-01,Tayeeglow,0.5481180166869125,0.5185117637649114,0.35,0.05,62826.76428427834,32.95666666666666,7,0.3333333333333333,70
312,2019-07-01,Sheikh,0.311807882954238,0.2081401693223537,0.1966666666666666,0.14,65965.83992880996,31.133333333333336,7,0.6666666666666666,68
313,2019-07-01,Garbahaarey,0.5554649634831142,0.4048338368195087,0.27,0.0,150445.26937163374,26.71166666666667,7,1.3333333333333333,42
314,2019-07-01,Galdogob,0.3845598383707495,0.4646904136201208,0.185,0.06,96228.94625799869,21.07333333333333,7,0.8333333333333334,41
315,2019-07-01,Jariiban,0.3501107168133883,0.4090915108402051,0.1616666666666666,0.07,77164.65979907343,13.235,7,2.1666666666666665,50
316,2019-07-01,Garoowe,0.3712592237262992,0.2932033874905685,0.1416666666666666,0.08,238943.83260569465,14.340000000000002,7,4.666666666666667,43
317,2019-07-01,Jamaame,0.532680040708361,0.4403832811966767,0.3533333333333333,0.02,72274.03765624086,42.07,7,3.0,49
318,2019-07-01,Jilib,0.5113327705575001,0.3909294797509632,0.4266666666666667,0.01,177363.81212203606,56.335,7,3.333333333333333,51
319,2019-07-01,Zeylac,0.2649276406311697,0.3136157179811676,0.1016666666666666,0.42,76799.71197431434,9.54,7,4.166666666666667,76
320,2019-07-01,Jowhar,0.4607258650079849,0.4462076309782391,0.29,0.01,183042.93582933792,17.99,7,3.1666666666666665,52
321,2019-07-01,Jalalaqsi,0.5921047430628529,0.4735042553650304,0.2866666666666667,0.06,137166.99069700082,21.096666666666664,7,2.1666666666666665,48
322,2019-07-01,Kismaayo,0.412029161025459,0.3769676308818636,0.4266666666666667,0.13,194982.61424177085,47.79,7,3.5,53
324,2019-07-01,Kurtunwaarey,0.4656396293608185,0.4452618351340643,0.4433333333333333,0.04,257277.9921167836,33.98166666666667,7,1.8333333333333333,54
325,2019-07-01,Iskushuban,0.4394605539382136,0.3383899894950222,0.1316666666666666,0.12,60361.40289872798,4.5183333333333335,7,3.1666666666666665,47
327,2019-07-01,Xudur,0.5457788588250408,0.549549493748511,0.2816666666666667,0.05,119822.71253135678,27.026666666666667,7,3.0,75
328,2019-07-01,Hobyo,0.3487584354785739,0.3706782212839118,0.1683333333333333,0.09,90079.84358712788,15.001666666666669,7,3.5,46
329,2019-07-01,Lughaye,0.2659179435275348,0.3084001655970627,0.1016666666666666,0.43,99442.45554944112,6.298333333333333,7,1.0,58
330,2019-07-01,Luuq,0.500413842160481,0.3829595838278671,0.1983333333333333,0.01,42201.02354780796,24.96,7,0.6666666666666666,59
331,2019-07-01,Marka,0.4539589601919299,0.4637137550163429,0.3183333333333333,0.03,197917.20494918805,13.453333333333331,7,5.166666666666667,60
332,2019-07-01,Hargeysa,0.2213906679944643,0.2029943156263941,0.1533333333333333,0.12,959744.1903862744,30.01333333333333,7,3.6666666666666665,45
333,2019-07-01,Owdweyne,0.3310823852137992,0.2163547982087805,0.1716666666666666,0.13,99751.78651328415,35.29833333333333,7,1.0,61
334,2019-07-01,Qandala,0.4662120199606611,0.4205569846330418,0.1616666666666666,0.09,50358.19680656703,7.286666666666666,7,0.5,62
335,2019-07-01,Xudun,0.3752507299375622,0.3569833355614147,0.1483333333333333,0.38,29233.817803085487,18.725,7,0.1666666666666666,74
336,2019-07-01,Gebiley,0.2418992297764819,0.2667717736348647,0.1833333333333333,0.09,103448.69292549856,34.55833333333334,7,2.0,44
337,2019-07-01,Qansax Dheere,0.5490683229813664,0.6480009367515506,0.3133333333333333,0.08,69363.1772816809,27.291666666666668,7,3.5,63
338,2019-07-01,Laasqoray,0.3657972542777379,0.4164773384659096,0.1516666666666666,0.14,53800.5744763104,12.161666666666669,7,0.5,56
339,2019-07-01,Qardho,0.3450721294564353,0.3964549089065016,0.1333333333333333,0.08,80478.15211908707,11.836666666666668,7,0.5,64
340,2019-07-01,Qoryooley,0.4647070601850455,0.4443390921876267,0.3899999999999999,0.03,282277.1749967973,24.008333333333336,7,2.833333333333333,65
341,2019-07-01,Laas Caanood,0.3366077651757097,0.3761680108430838,0.1583333333333333,0.16,220788.33591955536,17.346666666666668,7,4.0,55
343,2019-07-01,Borama,0.2736328112610178,0.2138712946350238,0.1933333333333333,0.2,397759.659833392,31.83,7,2.6666666666666665,17
344,2019-07-01,Dhuusamarreeb,0.350049306671516,0.4195523751616953,0.1999999999999999,0.11,134132.73415617252,19.791666666666668,7,1.8333333333333333,36
345,2019-07-01,Cadaado,0.3520109308137275,0.4486568197838627,0.1866666666666666,0.06,108059.64692015851,16.738333333333333,7,0.3333333333333333,26
346,2019-07-01,Bossaso,0.3081383281834315,0.4283242181220916,0.15,0.13,474784.6404434893,7.923333333333335,7,8.333333333333334,18
347,2019-07-01,Baidoa,0.5737354286751378,0.6178577398003026,0.3466666666666667,0.2,271288.5935653316,36.766666666666666,7,5.666666666666667,6
348,2019-07-01,Ceerigaabo,0.3969125115565767,0.3959349225046938,0.1399999999999999,0.14,186214.57602082423,19.40333333333333,7,2.833333333333333,35
349,2019-07-01,Cadale,0.3368835013608263,0.3083621800244197,0.2316666666666667,0.04,83698.7844852664,20.435,7,3.5,27
350,2019-07-01,Baki,0.3180265223059977,0.2441924314943121,0.1383333333333333,0.17,99262.17263864214,16.96,7,0.1666666666666666,7
351,2019-07-01,Berbera,0.2430326560610348,0.2324431385911439,0.1066666666666666,0.2,178810.11668822702,17.273333333333333,7,0.5,16
352,2019-07-01,Ceel Waaq,0.4894280635303719,0.2898932988948713,0.33,0.0,42841.35404644698,26.736666666666665,7,2.6666666666666665,34
353,2019-07-01,Caluula,0.4710581502935269,0.4918983277534718,0.1666666666666666,0.06,49878.02246678231,2.981666666666667,7,2.1666666666666665,28
354,2019-07-01,Balcad,0.4207892941616012,0.3899254108022901,0.3166666666666666,0.02,211434.1247319937,16.871666666666666,7,4.666666666666667,8
355,2019-07-01,Belet Xaawo,0.5172155129757019,0.4081442057063084,0.2833333333333333,0.0,80263.42747402092,27.331666666666667,7,4.166666666666667,15
356,2019-07-01,Ceel Dheer,0.302048788800896,0.3728953651323323,0.225,0.02,103004.37800500816,23.87833333333333,7,1.5,33
357,2019-07-01,Caynabo,0.3738642018133994,0.3650665187072713,0.1716666666666666,0.32,38882.923681135246,28.47833333333333,7,0.3333333333333333,29
359,2019-07-01,Belet Weyne,0.5868054618205713,0.4954915340016362,0.2283333333333333,0.1,222898.05826843024,22.981666666666666,7,4.0,13
360,2019-07-01,Ceel Afweyn,0.4022499807716035,0.4017099370835031,0.1516666666666666,0.16,119189.63988343433,25.96333333333333,7,2.333333333333333,30
361,2019-07-01,Ceel Buur,0.3777466079633201,0.4128893068350834,0.2166666666666666,0.05,75284.97791694281,21.625,7,1.1666666666666667,32
362,2019-07-01,Bandarbeyla,0.3730940069179668,0.3243528970286548,0.1316666666666666,0.08,14286.58526534636,7.873333333333332,7,2.0,10
363,2019-07-01,Baraawe,0.4680395945111392,0.4454830625784129,0.3675,0.0,71451.00452711528,41.64416666666667,7,1.25,11
364,2019-07-01,Baraawe,0.4578215216645919,0.4680395945111392,0.3675,0.0,24953.239247136426,41.64416666666667,7,1.25,11
365,2019-07-01,Badhaadhe,0.4823586641167936,0.3489569935965541,0.5133333333333333,0.01,41293.78545781948,52.09333333333333,7,1.5,4
366,2019-07-01,Bu'aale,0.5163749201445982,0.3994682200116711,0.4666666666666666,0.01,102232.682999872,55.53333333333333,7,3.333333333333333,19
367,2019-07-01,Ceel Barde,0.5293849399339471,0.6338574120659726,0.2566666666666666,0.0,62204.20387382111,25.756666666666664,7,4.666666666666667,31
368,2019-07-01,Bulo Burto,0.5898451672177014,0.4798138405125635,0.2716666666666666,0.08,126308.10395590446,26.131666666666664,7,2.5,20
369,2019-07-01,Doolow,0.5545845681860391,0.4261285631981143,0.1883333333333333,0.27,70367.24202467134,20.813333333333333,7,1.1666666666666667,38
370,2019-07-01,Afmadow,0.5119018086833421,0.3484296307635035,0.3633333333333333,0.03,180756.29518407176,47.05666666666667,7,2.6666666666666665,2
371,2019-07-01,Adan Yabaal,0.3406226826633605,0.3126112111904077,0.2466666666666666,0.04,37859.154953401936,24.16,7,3.0,0
372,2019-07-01,Afgooye,0.462159131461528,0.4492225378213771,0.2883333333333333,0.01,262835.8188681545,18.60166666666667,7,5.166666666666667,1
373,2019-07-01,Buur Hakaba,0.5490683229813665,0.6211723936273237,0.35,0.08,128204.6513460276,39.17166666666666,7,3.5,24
374,2019-07-01,Burco,0.2998339565222233,0.1798890136234226,0.1933333333333333,0.15,440966.7506063085,29.866666666666664,7,5.833333333333333,21
375,2019-07-01,Cabudwaaq,0.3728535271691253,0.4257411293474653,0.2133333333333333,0.03,148952.26299964866,22.745,7,2.333333333333333,25
376,2019-07-01,Eyl,0.389948051145162,0.3279739567099389,0.1533333333333333,0.1,92352.216683081,16.10333333333333,7,1.5,39
377,2019-07-01,Baardheere,0.5213965829380455,0.2484368223141074,0.305,0.02,122284.68350495162,30.30666666666667,7,1.8333333333333333,3
378,2019-07-01,Buuhoodle,0.3121385033565494,0.2280735519390103,0.2166666666666666,0.12,114678.62295159738,24.546666666666667,7,1.3333333333333333,23
379,2019-07-01,Diinsoor,0.5512844916157692,0.631234351243638,0.355,0.07,144645.3749179251,46.10666666666666,7,3.8333333333333335,37
380,2019-07-01,Burtinle,0.3848427803948877,0.3607539512669208,0.185,0.05,61401.072470727006,19.953333333333333,7,1.8333333333333333,22
381,2020-01-01,Jariiban,0.4090915108402051,0.3512605042016806,0.1999999999999999,0.12,74372.89046628447,16.935,1,2.333333333333333,50
382,2020-01-01,Luuq,0.3829595838278671,0.3060848186846958,0.2833333333333333,0.04,40675.63477088211,65.39666666666666,1,0.8333333333333334,59
383,2020-01-01,Rab Dhuure,0.4879275725437716,0.4204941640139457,0.295,0.0,32985.89249446174,67.67999999999999,1,0.5,66
384,2020-01-01,Caynabo,0.3650665187072713,0.1939232409381663,0.2133333333333333,0.07,46900.80320994161,29.58,1,0.0,29
385,2020-01-01,Cabudwaaq,0.4257411293474653,0.3608793180798564,0.2666666666666666,0.21,111449.17451697268,35.60166666666667,1,3.8333333333333335,25
386,2020-01-01,Saakow,0.4082173073829072,0.421338004671338,0.4316666666666666,0.13,59940.06305790711,96.53666666666668,1,6.0,67
387,2020-01-01,Jamaame,0.4403832811966767,0.3833278902677988,0.4533333333333333,0.11,61241.84415452506,34.31333333333333,1,5.166666666666667,49
388,2020-01-01,Burtinle,0.3607539512669208,0.415721780335082,0.215,0.09,59091.89022487178,15.203333333333331,1,1.5,22
389,2020-01-01,Ceel Afweyn,0.4017099370835031,0.2885139291677652,0.1899999999999999,0.08,113788.8006486762,35.83833333333333,1,1.8333333333333333,30
390,2020-01-01,Buuhoodle,0.2280735519390103,0.1350544166033915,0.2483333333333333,0.14,98772.9922216596,31.596666666666668,1,1.1666666666666667,23
391,2020-01-01,Baraawe,0.4587764880148566,0.4933201385452746,0.4991666666666667,0.04,20213.16157712225,42.99166666666667,1,3.4166666666666665,11
392,2020-01-01,Baraawe,0.4454830625784129,0.4587764880148566,0.4991666666666667,0.04,56743.49512043875,42.99166666666667,1,3.4166666666666665,11
393,2020-01-01,Sheikh,0.2081401693223537,0.1455487847587028,0.265,0.12,71386.5516097911,61.065,1,0.0,68
394,2020-01-01,Belet Weyne,0.4954915340016362,0.4625835669613974,0.3183333333333333,0.08,231850.5809215716,45.84666666666666,1,7.666666666666667,13
395,2020-01-01,Marka,0.4637137550163429,0.4905037846230626,0.4216666666666667,0.06,180335.6358725136,15.573333333333332,1,5.666666666666667,60
396,2020-01-01,Caluula,0.4918983277534718,0.4729064039408867,0.2033333333333333,0.12,51765.54720916555,16.523333333333333,1,2.1666666666666665,28
397,2020-01-01,Qoryooley,0.4443390921876267,0.4801347611599085,0.5183333333333334,0.02,207773.35359388727,34.233333333333334,1,5.666666666666667,65
398,2020-01-01,Qandala,0.4205569846330418,0.4339712463105779,0.1916666666666666,0.13,52515.40520246352,17.029999999999998,1,0.5,62
399,2020-01-01,Bossaso,0.4283242181220916,0.4153248254892724,0.1733333333333333,0.1,467020.202029273,13.6,1,8.0,18
400,2020-01-01,Kismaayo,0.3769676308818636,0.3619308628245356,0.505,0.22,377653.3312260424,70.18166666666667,1,5.166666666666667,53
401,2020-01-01,Cadaado,0.4486568197838627,0.3380690991281885,0.2266666666666666,0.12,77426.3080988209,21.61666666666667,1,2.0,26
402,2020-01-01,Kurtunwaarey,0.4452618351340643,0.4855604762788724,0.5933333333333334,0.02,188546.8622552998,43.046666666666674,1,2.5,54
403,2020-01-01,Qansax Dheere,0.6480009367515506,0.4244430093639005,0.4283333333333333,0.05,61938.87849344224,85.16666666666667,1,6.333333333333333,63
404,2020-01-01,Owdweyne,0.2163547982087805,0.132173714024146,0.2183333333333333,0.12,87385.56574216185,40.876666666666665,1,0.3333333333333333,61
405,2020-01-01,Borama,0.2138712946350238,0.1412881669919613,0.2566666666666666,0.06,453433.5705113778,51.92,1,2.833333333333333,17
406,2020-01-01,Belet Xaawo,0.4081442057063084,0.3524982406755805,0.4049999999999999,0.12,71051.67497693517,60.903333333333336,1,6.166666666666667,15
407,2020-01-01,Lughaye,0.3084001655970627,0.2421965609399425,0.1283333333333333,0.16,99156.511924614,29.705,1,1.6666666666666667,58
408,2020-01-01,Bulo Burto,0.4798138405125635,0.4556007922535211,0.3799999999999999,0.03,90880.01596748602,42.74666666666667,1,3.0,20
409,2020-01-01,Cadale,0.3083621800244197,0.2905168905168905,0.3016666666666667,0.0,61428.001628669226,31.23333333333333,1,4.166666666666667,27
410,2020-01-01,Qardho,0.3964549089065016,0.3997979640997746,0.1533333333333333,0.08,64346.45962826008,8.911666666666667,1,1.0,64
411,2020-01-01,Buur Hakaba,0.6211723936273237,0.4157290382244143,0.4616666666666666,0.04,129759.02384671407,61.59166666666667,1,5.166666666666667,24
412,2020-01-01,Berbera,0.2324431385911439,0.1808939137198255,0.1366666666666667,0.09,179997.20297721773,47.045,1,0.3333333333333333,16
413,2020-01-01,Jilib,0.3909294797509632,0.3881953090823434,0.5483333333333333,0.1,148587.5543244151,53.55,1,6.333333333333333,51
414,2020-01-01,Laas Caanood,0.3761680108430838,0.1814135894950207,0.1849999999999999,0.08,226940.32672941327,22.936666666666667,1,3.8333333333333335,55
415,2020-01-01,Bu'aale,0.3994682200116711,0.4118061786950391,0.5416666666666666,0.13,78010.51320069526,89.03333333333335,1,6.0,19
416,2020-01-01,Jowhar,0.4462076309782391,0.4604083984124952,0.37,0.04,156219.50041752722,37.53333333333333,1,4.0,52
417,2020-01-01,Burco,0.1798890136234226,0.0911891620672353,0.2366666666666666,0.18,498248.650657556,33.788333333333334,1,3.0,21
418,2020-01-01,Jalalaqsi,0.4735042553650304,0.4544457188450606,0.37,0.01,100262.70714634696,42.185,1,2.833333333333333,48
419,2020-01-01,Wanla Weyn,0.4147038987749591,0.4289798374962383,0.355,0.01,66458.64225526834,43.48166666666666,1,3.6666666666666665,72
420,2020-01-01,Xudur,0.549549493748511,0.4469897765997728,0.4016666666666666,0.07,79231.76914493041,62.72833333333333,1,5.0,75
421,2020-01-01,Hargeysa,0.2029943156263941,0.1277865307901176,0.2216666666666666,0.11,1044086.4877006176,40.60833333333333,1,4.166666666666667,45
422,2020-01-01,Ceel Waaq,0.2898932988948713,0.2331280633404549,0.4733333333333334,0.05,39782.22182364527,75.375,1,5.166666666666667,34
423,2020-01-01,Baki,0.2441924314943121,0.2082093691694821,0.1766666666666666,0.06,99156.511924614,38.81333333333333,1,0.1666666666666666,7
424,2020-01-01,Zeylac,0.3136157179811676,0.2477857878475798,0.13,0.16,72825.10892154372,27.365,1,1.8333333333333333,76
425,2020-01-01,Afmadow,0.3484296307635035,0.2780875765609288,0.4516666666666666,0.06,164086.06642208935,106.91333333333334,1,5.333333333333333,2
426,2020-01-01,Baidoa,0.6178577398003026,0.4809737260837505,0.4766666666666667,0.14,515337.07436101953,84.93166666666666,1,7.166666666666667,6
427,2020-01-01,Xarardheere,0.3962781291497199,0.3925848407833757,0.2583333333333333,0.01,33447.63645086472,26.45,1,1.5,73
428,2020-01-01,Gebiley,0.2667717736348647,0.1675903119868637,0.2683333333333333,0.07,97440.90188899483,48.02666666666666,1,2.833333333333333,44
429,2020-01-01,Ceerigaabo,0.3959349225046938,0.2514301767289815,0.1683333333333333,0.08,195780.6408246796,25.305,1,0.8333333333333334,35
430,2020-01-01,Ceel Barde,0.6338574120659726,0.4899163797343827,0.3733333333333333,0.04,50826.922426099656,57.16333333333333,1,3.333333333333333,31
431,2020-01-01,Diinsoor,0.631234351243638,0.4420162648228424,0.4666666666666667,0.08,139564.3460664642,77.57833333333333,1,4.833333333333333,37
432,2020-01-01,Badhaadhe,0.3489569935965541,0.2639538679142639,0.5850000000000001,0.04,45955.77503381839,87.57666666666667,1,0.3333333333333333,4
433,2020-01-01,Xudun,0.3569833355614147,0.2022031084955485,0.185,0.07,33133.18631057008,20.423333333333336,1,0.6666666666666666,74
434,2020-01-01,Garbahaarey,0.4048338368195087,0.3596606279203213,0.3716666666666666,0.22,121987.57856052738,72.48166666666667,1,1.0,42
435,2020-01-01,Garoowe,0.2932033874905685,0.3761939925204259,0.1683333333333333,0.11,209903.80300784105,12.381666666666668,1,4.666666666666667,43
436,2020-01-01,Dhuusamarreeb,0.4195523751616953,0.3225435261156694,0.2516666666666666,0.22,99941.44028730367,28.951666666666668,1,2.833333333333333,36
437,2020-01-01,Galdogob,0.4646904136201208,0.4141636814549462,0.2416666666666666,0.11,72579.72676632993,25.891666666666666,1,0.8333333333333334,41
438,2020-01-01,Balcad,0.3899254108022901,0.3992414113024258,0.3516666666666666,0.03,183232.62183404109,27.115,1,5.0,8
439,2020-01-01,Baardheere,0.2484368223141074,0.2304840065259306,0.4383333333333333,0.08,101132.70882160284,91.35833333333332,1,3.8333333333333335,3
440,2020-01-01,Waajid,0.5312342103332384,0.4367229608336327,0.3883333333333333,0.05,69575.12337121068,76.36,1,4.0,71
441,2020-01-01,Adan Yabaal,0.3126112111904077,0.2890189520624303,0.3283333333333333,0.0,35879.125006250986,32.809999999999995,1,2.6666666666666665,0
442,2020-01-01,Iskushuban,0.3383899894950222,0.3742070183891431,0.15,0.12,62263.5591153372,12.113333333333332,1,2.333333333333333,47
443,2020-01-01,Doolow,0.4261285631981143,0.3757435851904466,0.2716666666666666,0.21,56310.36134752707,52.44,1,0.8333333333333334,38
444,2020-01-01,Tayeeglow,0.5185117637649114,0.4117135401565671,0.4566666666666666,0.02,51734.09343957278,51.278333333333336,1,1.5,70
447,2020-01-01,Ceel Buur,0.4128893068350834,0.3266989556530952,0.2683333333333333,0.17,66069.73342448812,27.68,1,0.6666666666666666,32
448,2020-01-01,Bandarbeyla,0.3243528970286548,0.3404326123128119,0.1583333333333333,0.1,15022.505537564746,31.78333333333333,1,1.8333333333333333,10
449,2020-01-01,Taleex,0.3772534798111706,0.2199045926480217,0.16,0.07,53456.811257261375,9.276666666666666,1,0.3333333333333333,69
450,2020-01-01,Afgooye,0.4492225378213771,0.4582353863030873,0.3583333333333333,0.06,191430.83595608792,29.815,1,5.0,1
451,2020-01-01,Hobyo,0.3706782212839118,0.306084466714388,0.2116666666666666,0.12,69851.37649863526,22.286666666666665,1,3.0,46
452,2020-01-01,Ceel Dheer,0.3728953651323323,0.2858416181007885,0.2833333333333333,0.08,72923.28166112433,31.12,1,0.3333333333333333,33
453,2020-01-01,Eyl,0.3279739567099389,0.345604315497886,0.1833333333333333,0.14,68592.70274749439,19.665000000000003,1,2.1666666666666665,39
454,2020-01-01,Gaalkacyo,0.4778162642037701,0.4371415325518246,0.2166666666666666,0.15,377472.8691812072,20.613333333333333,1,3.8333333333333335,40
455,2020-07-01,Lughaye,0.2421965609399425,0.1896116994452849,0.1533333333333333,0.16,99157.0,18.19333333333333,7,1.8333333333333333,58
456,2020-07-01,Xudur,0.4469897765997728,0.5317134742821079,0.3766666666666667,0.07,79231.0,41.565,7,2.0,75
457,2020-07-01,Owdweyne,0.132173714024146,0.1948497854077253,0.235,0.12,87385.0,35.681666666666665,7,0.5,61
458,2020-07-01,Burco,0.0911891620672353,0.140943301555444,0.2433333333333333,0.18,498248.0,33.98,7,2.6666666666666665,21
459,2020-07-01,Adan Yabaal,0.2890189520624303,0.2773519163763066,0.295,0.0,35878.0,32.473333333333336,7,2.0,0
460,2020-07-01,Bu'aale,0.4118061786950391,0.3788461538461538,0.51,0.13,78010.0,59.36833333333333,7,4.333333333333333,19
461,2020-07-01,Luuq,0.3060848186846958,0.3583282114320836,0.2616666666666666,0.04,40676.0,42.97,7,1.1666666666666667,59
462,2020-07-01,Marka,0.4905037846230626,0.4615277970331346,0.4416666666666666,0.06,180336.0,30.96333333333333,7,4.833333333333333,60
463,2020-07-01,Zeylac,0.2477857878475798,0.1853759011328527,0.1416666666666667,0.16,72825.0,21.435,7,1.6666666666666667,76
464,2020-07-01,Afgooye,0.4582353863030873,0.4841321666449001,0.3083333333333333,0.06,191431.0,36.1,7,4.833333333333333,1
465,2020-07-01,Bulo Burto,0.4556007922535211,0.1980742778541953,0.355,0.03,90880.0,31.808333333333334,7,2.5,20
466,2020-07-01,Afmadow,0.2780875765609288,0.3018436690537864,0.4466666666666667,0.06,164086.0,73.02333333333333,7,4.333333333333333,2
467,2020-07-01,Bandarbeyla,0.3404326123128119,0.2928452579034942,0.1716666666666666,0.1,15023.0,13.078333333333331,7,3.0,10
468,2020-07-01,Xarardheere,0.3925848407833757,0.2414050822122571,0.2566666666666666,0.01,33447.0,26.828333333333333,7,0.8333333333333334,73
469,2020-07-01,Baardheere,0.2304840065259306,0.2388133498145859,0.385,0.08,101133.0,55.395,7,2.6666666666666665,3
470,2020-07-01,Sheikh,0.1455487847587028,0.1828371278458844,0.2566666666666666,0.12,71386.0,51.565,7,0.5,68
471,2020-07-01,Taleex,0.2199045926480217,0.2834424695977549,0.1616666666666666,0.07,53457.0,12.033333333333331,7,0.1666666666666666,69
472,2020-07-01,Baraawe,0.4933201385452746,0.4505242752665433,0.4925,0.04,20212.0,52.49,7,2.4166666666666665,11
474,2020-07-01,Baraawe,0.4505242752665433,0.4548825710754017,0.4925,0.04,56744.0,52.49,7,2.4166666666666665,11
475,2020-07-01,Saakow,0.421338004671338,0.4107589658048373,0.37,0.13,59941.0,59.88666666666666,7,3.8333333333333335,67
476,2020-07-01,Tayeeglow,0.4117135401565671,0.4702754954084098,0.4266666666666667,0.02,51735.0,39.656666666666666,7,3.1666666666666665,70
477,2020-07-01,Belet Weyne,0.4625835669613974,0.2474660340737546,0.31,0.08,231850.0,33.041666666666664,7,6.5,13
478,2020-07-01,Balcad,0.3992414113024258,0.4233865465957157,0.3466666666666667,0.03,183234.0,31.261666666666667,7,4.0,8
479,2020-07-01,Rab Dhuure,0.4204941640139457,0.5072024260803639,0.2533333333333333,0.0,32986.0,58.68333333333334,7,0.8333333333333334,66
480,2020-07-01,Waajid,0.4367229608336327,0.4933524973050665,0.3616666666666666,0.05,69574.0,58.446666666666665,7,2.1666666666666665,71
481,2020-07-01,Qoryooley,0.4801347611599085,0.4593911683311274,0.4633333333333334,0.02,207773.0,35.755,7,3.5,65
482,2020-07-01,Baki,0.2082093691694821,0.2276853252647503,0.1849999999999999,0.06,99157.0,25.261666666666667,7,0.5,7
483,2020-07-01,Belet Xaawo,0.3524982406755805,0.3835327234342012,0.3483333333333333,0.12,71052.0,38.946666666666665,7,4.0,15
484,2020-07-01,Wanla Weyn,0.4289798374962383,0.4714070729872084,0.32,0.01,66459.0,31.226666666666663,7,3.6666666666666665,72
485,2020-07-01,Qardho,0.3997979640997746,0.3539238539238539,0.165,0.08,64346.0,15.228333333333332,7,1.0,64
486,2020-07-01,Baidoa,0.4809737260837505,0.456384142382831,0.4416666666666666,0.14,515337.0,57.10333333333333,7,5.5,6
487,2020-07-01,Berbera,0.1808939137198255,0.2058333333333333,0.1516666666666666,0.09,179997.0,28.99,7,1.0,16
488,2020-07-01,Qansax Dheere,0.4244430093639005,0.5084745762711864,0.4066666666666667,0.05,61939.0,53.98666666666667,7,2.833333333333333,63
489,2020-07-01,Badhaadhe,0.2639538679142639,0.2774755168661588,0.605,0.04,45955.0,85.305,7,1.6666666666666667,4
490,2020-07-01,Borama,0.1412881669919613,0.1912113359430997,0.2283333333333333,0.06,453434.0,41.215,7,3.6666666666666665,17
491,2020-07-01,Xudun,0.2022031084955485,0.2520754716981132,0.17,0.07,33133.0,15.528333333333334,7,1.5,74
492,2020-07-01,Qandala,0.4339712463105779,0.3550690147548786,0.205,0.13,52515.0,18.923333333333336,7,0.3333333333333333,62
493,2020-07-01,Bossaso,0.4153248254892724,0.3622932391199615,0.1783333333333333,0.1,467020.0,18.078333333333333,7,7.666666666666667,18
494,2020-07-01,Burtinle,0.415721780335082,0.3781725888324873,0.225,0.09,59092.0,19.968333333333334,7,1.0,22
495,2020-07-01,Eyl,0.345604315497886,0.3083090379008746,0.1933333333333333,0.14,68592.0,15.803333333333336,7,1.1666666666666667,39
496,2020-07-01,Caluula,0.4729064039408867,0.3592467407049734,0.2133333333333333,0.12,51766.0,6.135000000000001,7,3.1666666666666665,28
497,2020-07-01,Kismaayo,0.3619308628245356,0.3705150271415331,0.5516666666666666,0.22,377653.0,76.545,7,8.833333333333334,53
498,2020-07-01,Cadaado,0.3380690991281885,0.3458185340652244,0.2299999999999999,0.12,77426.0,30.035,7,1.3333333333333333,26
499,2020-07-01,Diinsoor,0.4420162648228424,0.492387605230163,0.45,0.08,139564.0,53.605,7,6.166666666666667,37
500,2020-07-01,Jowhar,0.4604083984124952,0.4605536885901744,0.3783333333333333,0.04,156220.0,26.383333333333336,7,4.333333333333333,52
501,2020-07-01,Garbahaarey,0.3596606279203213,0.3637295081967213,0.3516666666666666,0.22,121988.0,43.35333333333333,7,1.0,42
502,2020-07-01,Cadale,0.2905168905168905,0.2759462759462759,0.2933333333333333,0.0,61427.0,31.67333333333333,7,4.166666666666667,27
503,2020-07-01,Jilib,0.3881953090823434,0.3124158815612382,0.5133333333333333,0.1,148587.0,67.48333333333333,7,5.5,51
504,2020-07-01,Hargeysa,0.1277865307901176,0.1965854943370926,0.2116666666666666,0.11,1044086.0,38.25,7,3.6666666666666665,45
505,2020-07-01,Jariiban,0.3512605042016806,0.3485714285714286,0.21,0.12,74373.0,18.705,7,2.1666666666666665,50
506,2020-07-01,Dhuusamarreeb,0.3225435261156694,0.3271635817908954,0.255,0.22,99941.0,29.74000000000001,7,3.6666666666666665,36
507,2020-07-01,Cabudwaaq,0.3608793180798564,0.3746074472857784,0.2683333333333333,0.21,111450.0,30.73,7,5.0,25
508,2020-07-01,Caynabo,0.1939232409381663,0.2574626865671642,0.2233333333333333,0.07,46901.0,32.975,7,1.3333333333333333,29
509,2020-07-01,Jamaame,0.3833278902677988,0.3061224489795918,0.4616666666666666,0.11,61242.0,71.46166666666666,7,4.833333333333333,49
510,2020-07-01,Ceel Afweyn,0.2885139291677652,0.3018453427065026,0.1849999999999999,0.08,113789.0,33.958333333333336,7,2.6666666666666665,30
511,2020-07-01,Jalalaqsi,0.4544457188450606,0.1947145350286711,0.3633333333333333,0.01,100263.0,27.436666666666667,7,4.5,48
512,2020-07-01,Ceel Barde,0.4899163797343827,0.58780127889818,0.36,0.04,50827.0,44.29666666666666,7,3.0,31
513,2020-07-01,Iskushuban,0.3742070183891431,0.2954636692091529,0.165,0.12,62264.0,9.38,7,3.333333333333333,47
514,2020-07-01,Ceerigaabo,0.2514301767289815,0.263567871280807,0.1766666666666666,0.08,195781.0,32.833333333333336,7,2.6666666666666665,35
515,2020-07-01,Ceel Buur,0.3266989556530952,0.3598183881952327,0.2666666666666666,0.17,66069.0,27.561666666666667,7,1.6666666666666667,32
516,2020-07-01,Gebiley,0.1675903119868637,0.1924063622370446,0.2516666666666666,0.07,97441.0,42.265,7,2.0,44
517,2020-07-01,Hobyo,0.306084466714388,0.2841803865425912,0.2166666666666666,0.12,69851.0,24.865,7,3.0,46
518,2020-07-01,Ceel Dheer,0.2858416181007885,0.2814535481659239,0.2633333333333333,0.08,72923.0,29.896666666666665,7,1.6666666666666667,33
519,2020-07-01,Garoowe,0.3761939925204259,0.3128870890900428,0.1633333333333333,0.11,209904.0,15.75,7,4.666666666666667,43
520,2020-07-01,Kurtunwaarey,0.4855604762788724,0.4643330681516839,0.5483333333333333,0.02,188547.0,40.76,7,1.6666666666666667,54
521,2020-07-01,Ceel Waaq,0.2331280633404549,0.2664990571967316,0.4233333333333333,0.05,39783.0,49.083333333333336,7,6.5,34
522,2020-07-01,Buur Hakaba,0.4157290382244143,0.4955684007707129,0.43,0.04,129760.0,47.61166666666667,7,4.5,24
523,2020-07-01,Buuhoodle,0.1350544166033915,0.1898253606681852,0.235,0.14,98774.0,19.47,7,1.5,23
525,2020-07-01,Gaalkacyo,0.4371415325518246,0.3833366448109146,0.22,0.15,377473.0,22.076666666666664,7,4.5,40
526,2020-07-01,Doolow,0.3757435851904466,0.3641207815275311,0.2516666666666666,0.21,56311.0,33.16833333333333,7,1.1666666666666667,38
527,2020-07-01,Galdogob,0.4141636814549462,0.4519462624870823,0.2433333333333333,0.11,72579.0,20.755,7,0.0,41
528,2020-07-01,Laas Caanood,0.1814135894950207,0.2306675479180436,0.1733333333333333,0.08,226941.0,11.788333333333334,7,4.333333333333333,55
529,2021-01-01,Bandarbeyla,0.2928452579034942,0.4147422000188518,0.1566666666666666,0.22,15023.0,10.005,1,2.1666666666666665,10
530,2021-01-01,Burco,0.140943301555444,0.1371732766471581,0.205,0.2,498249.0,13.015,1,3.1666666666666665,21
531,2021-01-01,Badhaadhe,0.2774755168661588,0.4056724072698737,0.5566666666666666,0.1,45956.0,24.835,1,2.1666666666666665,4
532,2021-01-01,Sheikh,0.1828371278458844,0.2242774189339074,0.26,0.18,71387.0,22.45833333333333,1,0.3333333333333333,68
533,2021-01-01,Jalalaqsi,0.1947145350286711,0.4080728253042081,0.4383333333333333,0.1,100263.0,19.525,1,5.0,48
534,2021-01-01,Burtinle,0.3781725888324873,0.405234927348139,0.2116666666666666,0.2,59092.0,13.806666666666665,1,1.3333333333333333,22
535,2021-01-01,Caynabo,0.2574626865671642,0.2174981567952813,0.1766666666666666,0.17,46901.0,9.571666666666664,1,1.1666666666666667,29
536,2021-01-01,Baraawe,0.4548825710754017,0.4911894273127753,0.5083333333333333,0.06,20213.0,20.2375,1,1.0833333333333333,11
537,2021-01-01,Saakow,0.4107589658048373,0.4115377316967968,0.3916666666666666,0.14,59940.0,25.32166666666667,1,4.166666666666667,67
538,2021-01-01,Jamaame,0.3061224489795918,0.4376510659496103,0.4883333333333333,0.21,61242.0,15.483333333333334,1,4.666666666666667,49
539,2021-01-01,Garoowe,0.3128870890900428,0.3763941017333375,0.1516666666666666,0.21,209904.0,13.515,1,5.833333333333333,43
540,2021-01-01,Baraawe,0.4911894273127753,0.4486895846702985,0.5083333333333333,0.06,56743.0,20.2375,1,1.0833333333333333,11
541,2021-01-01,Luuq,0.3583282114320836,0.3731717928980219,0.2216666666666666,0.14,40676.0,15.775,1,1.8333333333333333,59
542,2021-01-01,Xudun,0.2520754716981132,0.2059262364822373,0.1483333333333333,0.18,33133.0,7.853333333333333,1,1.1666666666666667,74
543,2021-01-01,Bu'aale,0.3788461538461538,0.4008547346761109,0.4833333333333333,0.14,78011.0,27.795,1,4.666666666666667,19
544,2021-01-01,Ceel Afweyn,0.3018453427065026,0.2599961858750237,0.1783333333333333,0.23,113789.0,13.74,1,1.3333333333333333,30
545,2021-01-01,Buuhoodle,0.1898253606681852,0.2063106796116504,0.2183333333333333,0.18,98773.0,12.585,1,2.0,23
546,2021-01-01,Ceerigaabo,0.263567871280807,0.2245768359322937,0.165,0.24,195781.0,19.15666666666667,1,3.0,35
547,2021-01-01,Adan Yabaal,0.2773519163763066,0.2867946480511925,0.3383333333333334,0.1,35879.0,19.74,1,0.8333333333333334,0
548,2021-01-01,Hargeysa,0.1965854943370926,0.2676350893059009,0.1999999999999999,0.12,1044086.0,26.50666666666667,1,4.166666666666667,45
549,2021-01-01,Baki,0.2276853252647503,0.3101592806449881,0.1999999999999999,0.37,99157.0,19.726666666666667,1,1.1666666666666667,7
550,2021-01-01,Wanla Weyn,0.4714070729872084,0.4482908617511664,0.3833333333333333,0.07,66459.0,20.045,1,4.0,72
551,2021-01-01,Ceel Waaq,0.2664990571967316,0.3544682405589296,0.3766666666666667,0.15,39782.0,16.830000000000002,1,6.0,34
552,2021-01-01,Waajid,0.4933524973050665,0.4498858793883663,0.3116666666666667,0.1,69575.0,27.89,1,5.333333333333333,71
553,2021-01-01,Ceel Dheer,0.2814535481659239,0.3369272237196765,0.2833333333333333,0.17,72923.0,20.02833333333333,1,1.3333333333333333,33
554,2021-01-01,Lughaye,0.1896116994452849,0.2480818834591006,0.1416666666666666,0.15,99157.0,12.305,1,1.6666666666666667,58
555,2021-01-01,Balcad,0.4233865465957157,0.4248102325025402,0.435,0.13,183233.0,18.715,1,4.5,8
556,2021-01-01,Ceel Barde,0.58780127889818,0.593619466793754,0.3133333333333333,0.09,50827.0,19.008333333333336,1,5.166666666666667,31
557,2021-01-01,Hobyo,0.2841803865425912,0.2851447172525171,0.2116666666666666,0.2,69851.0,13.168333333333337,1,3.1666666666666665,46
558,2021-01-01,Tayeeglow,0.4702754954084098,0.4212055712220329,0.43,0.09,51734.0,25.505,1,1.1666666666666667,70
559,2021-01-01,Gaalkacyo,0.3833366448109146,0.3799963816705769,0.2116666666666666,0.14,377473.0,13.986666666666666,1,4.5,40
560,2021-01-01,Ceel Buur,0.3598183881952327,0.3584365855515789,0.2749999999999999,0.11,66070.0,13.713333333333331,1,0.3333333333333333,32
562,2021-01-01,Banadir,0.4319770246468998,0.4710969130686256,0.2533333333333333,0.03,2228463.0,19.32166666666667,1,7.666666666666667,9
563,2021-01-01,Iskushuban,0.2954636692091529,0.3565675219048366,0.17,0.17,62264.0,9.181666666666668,1,2.833333333333333,47
564,2021-01-01,Xarardheere,0.2414050822122571,0.268406014603596,0.2583333333333333,0.25,33448.0,13.746666666666668,1,0.5,73
565,2021-01-01,Taleex,0.2834424695977549,0.2387409755911226,0.15,0.17,53457.0,10.468333333333332,1,0.5,69
566,2021-01-01,Gebiley,0.1924063622370446,0.2876174019676151,0.2566666666666666,0.11,97441.0,27.113333333333333,1,2.833333333333333,44
567,2021-01-01,Belet Weyne,0.2474660340737546,0.3071993772609909,0.2866666666666667,0.13,231851.0,16.588333333333335,1,8.5,13
568,2021-01-01,Eyl,0.3083090379008746,0.3608362119600107,0.1833333333333333,0.23,68592.0,8.296666666666667,1,1.6666666666666667,39
569,2021-01-01,Qardho,0.3539238539238539,0.422637962358916,0.1483333333333333,0.23,64346.0,8.12,1,0.1666666666666666,64
570,2021-01-01,Kismaayo,0.3705150271415331,0.3934804082976622,0.4783333333333333,0.22,377653.0,19.938333333333333,1,6.333333333333333,53
572,2021-01-01,Cadale,0.2759462759462759,0.2873604609290601,0.3966666666666666,0.1,61428.0,19.065,1,3.5,27
573,2021-01-01,Laas Caanood,0.2306675479180436,0.2109874570977254,0.17,0.18,226940.0,12.61,1,4.166666666666667,55
574,2021-01-01,Cabudwaaq,0.3746074472857784,0.4074148385946138,0.2466666666666666,0.13,111449.0,14.644999999999998,1,6.166666666666667,25
575,2021-01-01,Berbera,0.2058333333333333,0.2759629145666106,0.1516666666666666,0.14,179997.0,11.401666666666666,1,0.6666666666666666,16
576,2021-01-01,Xudur,0.5317134742821079,0.4472915724098218,0.3533333333333333,0.12,79232.0,27.816666666666663,1,3.0,75
577,2021-01-01,Jowhar,0.4605536885901744,0.4476632959825088,0.4533333333333333,0.13,156220.0,17.811666666666667,1,6.666666666666667,52
578,2021-01-01,Bossaso,0.3622932391199615,0.4282333104445733,0.1833333333333333,0.23,467020.0,8.915000000000001,1,7.0,18
579,2021-01-01,Qansax Dheere,0.5084745762711864,0.4305075046172255,0.3866666666666667,0.1,61939.0,28.426666666666662,1,4.833333333333333,63
580,2021-01-01,Afmadow,0.3018436690537864,0.3916169562219776,0.395,0.13,164086.0,23.695,1,3.333333333333333,2
581,2021-01-01,Marka,0.4615277970331346,0.4460078540314803,0.505,0.09,180336.0,14.616666666666667,1,5.333333333333333,60
582,2021-01-01,Zeylac,0.1853759011328527,0.2391876511594821,0.135,0.15,72825.0,16.058333333333334,1,0.8333333333333334,76
583,2021-01-01,Cadaado,0.3458185340652244,0.3999756800889413,0.22,0.1,77426.0,13.53,1,1.1666666666666667,26
584,2021-01-01,Buur Hakaba,0.4955684007707129,0.4253398378500371,0.465,0.1,129759.0,30.24,1,5.0,24
585,2021-01-01,Borama,0.1912113359430997,0.2772673624137732,0.255,0.11,453434.0,38.49666666666666,1,4.5,17
586,2021-01-01,Garbahaarey,0.3637295081967213,0.3273081001778068,0.31,0.15,121988.0,18.27,1,1.1666666666666667,42
587,2021-01-01,Jilib,0.3124158815612382,0.4043924756806527,0.5633333333333334,0.11,148588.0,20.03,1,4.0,51
588,2021-01-01,Rab Dhuure,0.5072024260803639,0.4587641132763954,0.205,0.07,32986.0,16.393333333333334,1,0.3333333333333333,66
589,2021-01-01,Doolow,0.3641207815275311,0.3515556336790297,0.1999999999999999,0.15,56310.0,9.543333333333331,1,1.5,38
590,2021-01-01,Jariiban,0.3485714285714286,0.3333170092909431,0.1949999999999999,0.19,74373.0,8.833333333333334,1,1.8333333333333333,50
591,2021-01-01,Kurtunwaarey,0.4643330681516839,0.4575951234622532,0.61,0.09,188548.0,25.13,1,2.1666666666666665,54
592,2021-01-01,Baardheere,0.2388133498145859,0.3868994061543999,0.3566666666666666,0.14,101133.0,24.01,1,3.333333333333333,3
593,2021-01-01,Dhuusamarreeb,0.3271635817908954,0.3560481018674942,0.2483333333333333,0.1,99941.0,13.561666666666666,1,2.6666666666666665,36
594,2021-01-01,Afgooye,0.4841321666449001,0.4637639420358601,0.4166666666666667,0.1,191431.0,16.776666666666667,1,4.833333333333333,1
595,2021-01-01,Caluula,0.3592467407049734,0.3438764024096086,0.2316666666666667,0.16,51766.0,18.48,1,3.6666666666666665,28
596,2021-01-01,Bulo Burto,0.1980742778541953,0.3462197497828791,0.3666666666666667,0.12,90880.0,22.106666666666666,1,4.333333333333333,20
597,2021-01-01,Owdweyne,0.1948497854077253,0.2280157801397049,0.21,0.16,87386.0,19.26333333333333,1,0.3333333333333333,61
598,2021-01-01,Belet Xaawo,0.3835327234342012,0.3349866620681312,0.31,0.15,71052.0,13.394999999999998,1,3.6666666666666665,15
599,2021-01-01,Qandala,0.3550690147548786,0.3321710405579005,0.2216666666666666,0.14,52515.0,10.923333333333334,1,0.1666666666666666,62
600,2021-01-01,Galdogob,0.4519462624870823,0.4573444515715202,0.2266666666666666,0.2,72580.0,11.781666666666666,1,1.1666666666666667,41
601,2021-01-01,Qoryooley,0.4593911683311274,0.4512228697099891,0.5116666666666666,0.08,207773.0,19.496666666666663,1,3.8333333333333335,65
602,2021-01-01,Diinsoor,0.492387605230163,0.419636541705207,0.435,0.13,139564.0,27.385,1,5.0,37
