,date,district,MAM_admissions,SAM_admissions
0,2019-01-01,Afgooye,1547.0,903.0
1,2019-02-01,Afgooye,2306.0,997.0
2,2019-03-01,Afgooye,2299.0,485.0
3,2019-04-01,Afgooye,2928.0,274.0
4,2019-05-01,Afgooye,843.0,708.0
5,2019-06-01,Afgooye,928.0,869.0
6,2019-07-01,Afgooye,1300.0,810.0
7,2019-08-01,Afgooye,985.0,569.0
8,2019-09-01,Afgooye,969.0,603.0
9,2019-10-01,Afgooye,1047.0,687.0
10,2019-11-01,Afgooye,1270.0,669.0
11,2019-12-01,Afgooye,1797.0,1166.0
12,2020-01-01,Afgooye,655.0,977.0
13,2020-02-01,Afgooye,864.0,740.0
14,2020-03-01,Afgooye,705.0,1174.0
15,2020-04-01,Afgooye,2055.0,1131.0
16,2020-05-01,Afgooye,2337.0,1608.0
17,2020-06-01,Afgooye,2655.0,1531.0
18,2020-07-01,Afgooye,977.0,1274.0
19,2020-08-01,Afgooye,1996.0,1082.0
20,2020-09-01,Afgooye,1871.0,1088.0
21,2020-10-01,Afgooye,1553.0,766.0
22,2020-11-01,Afgooye,1834.0,978.0
23,2020-12-01,Afgooye,2800.0,1246.0
24,2021-01-01,Afgooye,2362.0,1059.0
25,2021-02-01,Afgooye,1877.0,926.0
26,2021-03-01,Afgooye,1817.0,1119.0
27,2021-04-01,Afgooye,1981.0,868.0
28,2021-05-01,Afgooye,2440.0,793.0
29,2021-06-01,Afgooye,1335.0,1001.0
30,2021-07-01,Afgooye,1216.0,916.0
31,2021-08-01,Afgooye,1264.0,927.0
32,2021-09-01,Afgooye,1313.0,961.0
33,2021-10-01,Afgooye,1235.0,884.0
34,2021-11-01,Afgooye,1332.0,803.0
35,2019-01-01,Afmadow,990.0,456.0
36,2019-02-01,Afmadow,889.0,499.0
37,2019-03-01,Afmadow,737.0,474.0
38,2019-04-01,Afmadow,864.0,395.0
39,2019-05-01,Afmadow,638.0,487.0
40,2019-06-01,Afmadow,438.0,527.0
41,2019-07-01,Afmadow,598.0,364.0
42,2019-08-01,Afmadow,686.0,710.0
43,2019-09-01,Afmadow,841.0,480.0
44,2019-10-01,Afmadow,973.0,451.0
45,2019-11-01,Afmadow,895.0,472.0
46,2019-12-01,Afmadow,757.0,679.0
47,2020-01-01,Afmadow,994.0,567.0
48,2020-02-01,Afmadow,855.0,443.0
49,2020-03-01,Afmadow,1001.0,492.0
50,2020-04-01,Afmadow,1237.0,469.0
51,2020-05-01,Afmadow,668.0,339.0
52,2020-06-01,Afmadow,651.0,386.0
53,2020-07-01,Afmadow,1333.0,522.0
54,2020-08-01,Afmadow,1047.0,295.0
55,2020-09-01,Afmadow,473.0,316.0
56,2020-10-01,Afmadow,505.0,216.0
57,2020-11-01,Afmadow,473.0,387.0
58,2020-12-01,Afmadow,435.0,519.0
59,2021-01-01,Afmadow,774.0,534.0
60,2021-02-01,Afmadow,535.0,489.0
61,2021-03-01,Afmadow,1198.0,494.0
62,2021-04-01,Afmadow,923.0,307.0
63,2021-05-01,Afmadow,1012.0,341.0
64,2021-06-01,Afmadow,707.0,283.0
65,2021-07-01,Afmadow,734.0,206.0
66,2021-08-01,Afmadow,1054.0,418.0
67,2021-09-01,Afmadow,563.0,241.0
68,2021-10-01,Afmadow,552.0,198.0
69,2021-11-01,Afmadow,411.0,244.0
70,2019-01-01,Baardheere,0.0,316.0
71,2019-02-01,Baardheere,0.0,216.0
72,2019-03-01,Baardheere,55.0,142.0
73,2019-04-01,Baardheere,0.0,122.0
74,2019-05-01,Baardheere,111.0,8.0
75,2019-06-01,Baardheere,329.0,160.0
76,2019-07-01,Baardheere,128.0,134.0
77,2019-08-01,Baardheere,40.0,132.0
78,2019-09-01,Baardheere,0.0,350.0
79,2019-10-01,Baardheere,156.0,284.0
80,2019-11-01,Baardheere,111.0,297.0
81,2019-12-01,Baardheere,345.0,90.0
82,2020-01-01,Baardheere,281.0,182.0
83,2020-02-01,Baardheere,278.0,184.0
84,2020-03-01,Baardheere,219.0,243.0
85,2020-04-01,Baardheere,262.0,446.0
86,2020-05-01,Baardheere,0.0,361.0
87,2020-06-01,Baardheere,578.0,201.0
88,2020-07-01,Baardheere,412.0,109.0
89,2020-08-01,Baardheere,273.0,117.0
90,2020-09-01,Baardheere,152.0,182.0
91,2020-10-01,Baardheere,97.0,157.0
92,2020-11-01,Baardheere,257.0,164.0
93,2020-12-01,Baardheere,255.0,234.0
94,2021-01-01,Baardheere,0.0,190.0
95,2021-02-01,Baardheere,109.0,211.0
96,2021-03-01,Baardheere,241.0,152.0
97,2021-04-01,Baardheere,272.0,175.0
98,2021-05-01,Baardheere,168.0,97.0
99,2021-06-01,Baardheere,100.0,122.0
100,2021-07-01,Baardheere,50.0,100.0
101,2021-08-01,Baardheere,79.0,98.0
102,2021-09-01,Baardheere,77.0,479.0
103,2021-10-01,Baardheere,58.0,256.0
104,2021-11-01,Baardheere,88.0,237.0
105,2019-01-01,Baidoa,1620.0,1948.0
106,2019-02-01,Baidoa,1641.0,1284.0
107,2019-03-01,Baidoa,1254.0,1424.0
108,2019-04-01,Baidoa,2482.0,1531.0
109,2019-05-01,Baidoa,2283.0,1804.0
110,2019-06-01,Baidoa,1942.0,1948.0
111,2019-07-01,Baidoa,2047.0,1794.0
112,2019-08-01,Baidoa,1473.0,1094.0
113,2019-09-01,Baidoa,1608.0,1587.0
114,2019-10-01,Baidoa,1051.0,916.0
115,2019-11-01,Baidoa,909.0,896.0
116,2019-12-01,Baidoa,1259.0,864.0
117,2020-01-01,Baidoa,1339.0,1775.0
118,2020-02-01,Baidoa,1776.0,1515.0
119,2020-03-01,Baidoa,2474.0,1391.0
120,2020-04-01,Baidoa,2442.0,1265.0
121,2020-05-01,Baidoa,486.0,1272.0
122,2020-06-01,Baidoa,2175.0,1881.0
123,2020-07-01,Baidoa,1850.0,1368.0
124,2020-08-01,Baidoa,1067.0,1145.0
125,2020-09-01,Baidoa,1162.0,1049.0
126,2020-10-01,Baidoa,1262.0,1136.0
127,2020-11-01,Baidoa,1265.0,1076.0
128,2020-12-01,Baidoa,1776.0,1432.0
129,2021-01-01,Baidoa,2167.0,1590.0
130,2021-02-01,Baidoa,1443.0,1392.0
131,2021-03-01,Baidoa,1254.0,1562.0
132,2021-04-01,Baidoa,2364.0,1741.0
133,2021-05-01,Baidoa,771.0,1816.0
134,2021-06-01,Baidoa,2810.0,2175.0
135,2021-07-01,Baidoa,4251.0,1287.0
136,2021-08-01,Baidoa,2217.0,1605.0
137,2021-09-01,Baidoa,1309.0,1695.0
138,2021-10-01,Baidoa,1872.0,1190.0
139,2021-11-01,Baidoa,819.0,1679.0
140,2019-01-01,Baki,0.0,17.0
141,2019-02-01,Baki,0.0,51.0
142,2019-03-01,Baki,0.0,47.0
143,2019-04-01,Baki,0.0,61.0
144,2019-05-01,Baki,0.0,60.0
145,2019-06-01,Baki,0.0,68.0
146,2019-07-01,Baki,0.0,2.0
147,2019-08-01,Baki,0.0,5.0
148,2019-09-01,Baki,161.0,15.0
149,2019-10-01,Baki,529.0,63.0
150,2019-11-01,Baki,443.0,64.0
151,2019-12-01,Baki,211.0,17.0
152,2020-01-01,Baki,453.0,34.0
153,2020-02-01,Baki,275.0,14.0
154,2020-03-01,Baki,261.0,26.0
155,2020-04-01,Baki,215.0,48.0
156,2020-05-01,Baki,303.0,35.0
157,2020-06-01,Baki,192.0,37.0
158,2020-07-01,Baki,483.0,39.0
159,2020-08-01,Baki,316.0,10.0
160,2020-09-01,Baki,731.0,20.0
161,2020-10-01,Baki,285.0,47.0
162,2020-11-01,Baki,144.0,76.0
163,2020-12-01,Baki,296.0,24.0
164,2021-01-01,Baki,494.0,10.0
165,2021-02-01,Baki,332.0,6.0
166,2021-03-01,Baki,242.0,44.0
167,2021-04-01,Baki,422.0,54.0
168,2021-05-01,Baki,322.0,20.0
169,2021-06-01,Baki,304.0,97.0
170,2021-07-01,Baki,429.0,29.0
171,2021-08-01,Baki,504.0,77.0
172,2021-09-01,Baki,392.0,82.0
173,2021-10-01,Baki,223.0,26.0
174,2021-11-01,Baki,345.0,26.0
175,2019-01-01,Balcad,271.0,29.0
176,2019-02-01,Balcad,444.0,690.0
177,2019-03-01,Balcad,956.0,470.0
178,2019-04-01,Balcad,526.0,930.0
179,2019-05-01,Balcad,2247.0,658.0
180,2019-06-01,Balcad,1175.0,174.0
181,2019-07-01,Balcad,246.0,229.0
182,2019-08-01,Balcad,124.0,383.0
183,2019-09-01,Balcad,311.0,315.0
184,2019-10-01,Balcad,549.0,497.0
185,2019-11-01,Balcad,678.0,840.0
186,2019-12-01,Balcad,438.0,864.0
187,2020-01-01,Balcad,375.0,377.0
188,2020-02-01,Balcad,791.0,543.0
189,2020-03-01,Balcad,1193.0,201.0
190,2020-04-01,Balcad,534.0,281.0
191,2020-05-01,Balcad,810.0,230.0
192,2020-06-01,Balcad,436.0,188.0
193,2020-07-01,Balcad,68.0,259.0
194,2020-08-01,Balcad,911.0,327.0
195,2020-09-01,Balcad,1013.0,427.0
196,2020-10-01,Balcad,408.0,88.0
197,2020-11-01,Balcad,443.0,93.0
198,2020-12-01,Balcad,1327.0,148.0
199,2021-01-01,Balcad,502.0,149.0
200,2021-02-01,Balcad,289.0,127.0
201,2021-03-01,Balcad,1021.0,94.0
202,2021-04-01,Balcad,942.0,77.0
203,2021-05-01,Balcad,680.0,89.0
204,2021-06-01,Balcad,298.0,58.0
205,2021-07-01,Balcad,696.0,34.0
206,2021-08-01,Balcad,504.0,25.0
207,2021-09-01,Balcad,444.0,225.0
208,2021-10-01,Balcad,211.0,246.0
209,2021-11-01,Balcad,381.0,252.0
210,2019-01-01,Banadir,7012.0,5496.0
211,2019-02-01,Banadir,12964.0,4871.0
212,2019-03-01,Banadir,19480.0,5270.0
213,2019-04-01,Banadir,16371.0,4855.0
214,2019-05-01,Banadir,7015.0,5448.0
215,2019-06-01,Banadir,8704.0,5739.0
216,2019-07-01,Banadir,7061.0,7377.0
217,2019-08-01,Banadir,7952.0,5514.0
218,2019-09-01,Banadir,9124.0,5251.0
219,2019-10-01,Banadir,8854.0,5025.0
220,2019-11-01,Banadir,8803.0,5753.0
221,2019-12-01,Banadir,10881.0,5825.0
222,2020-01-01,Banadir,9917.0,5810.0
223,2020-02-01,Banadir,10954.0,5256.0
224,2020-03-01,Banadir,10208.0,4979.0
225,2020-04-01,Banadir,9730.0,5334.0
226,2020-05-01,Banadir,4130.0,5257.0
227,2020-06-01,Banadir,5126.0,5830.0
228,2020-07-01,Banadir,9406.0,6193.0
229,2020-08-01,Banadir,11138.0,4207.0
230,2020-09-01,Banadir,12231.0,5743.0
231,2020-10-01,Banadir,10441.0,4452.0
232,2020-11-01,Banadir,8919.0,5388.0
233,2020-12-01,Banadir,6385.0,4598.0
234,2021-01-01,Banadir,5175.0,3850.0
235,2021-02-01,Banadir,6133.0,3918.0
236,2021-03-01,Banadir,9589.0,4303.0
237,2021-04-01,Banadir,7095.0,3166.0
238,2021-05-01,Banadir,11335.0,5406.0
239,2021-06-01,Banadir,11478.0,5368.0
240,2021-07-01,Banadir,10938.0,3696.0
241,2021-08-01,Banadir,11471.0,3781.0
242,2021-09-01,Banadir,8688.0,3089.0
243,2021-10-01,Banadir,6592.0,4450.0
244,2021-11-01,Banadir,13840.0,5040.0
245,2019-01-01,Bandarbeyla,0.0,28.0
246,2019-02-01,Bandarbeyla,0.0,20.0
247,2019-03-01,Bandarbeyla,0.0,21.0
248,2019-04-01,Bandarbeyla,389.0,36.0
249,2019-05-01,Bandarbeyla,0.0,49.0
250,2019-06-01,Bandarbeyla,,
251,2019-07-01,Bandarbeyla,,
252,2019-08-01,Bandarbeyla,,
253,2019-09-01,Bandarbeyla,,
254,2019-10-01,Bandarbeyla,,
255,2019-11-01,Bandarbeyla,,
256,2019-12-01,Bandarbeyla,351.0,0.0
257,2020-01-01,Bandarbeyla,0.0,18.0
258,2020-02-01,Bandarbeyla,958.0,23.0
259,2020-03-01,Bandarbeyla,0.0,17.0
260,2020-04-01,Bandarbeyla,346.0,16.0
261,2020-05-01,Bandarbeyla,0.0,34.0
262,2020-06-01,Bandarbeyla,246.0,25.0
263,2020-07-01,Bandarbeyla,0.0,29.0
264,2020-08-01,Bandarbeyla,0.0,35.0
265,2020-09-01,Bandarbeyla,0.0,45.0
266,2020-10-01,Bandarbeyla,0.0,28.0
267,2020-11-01,Bandarbeyla,0.0,37.0
268,2020-12-01,Bandarbeyla,0.0,31.0
269,2021-01-01,Bandarbeyla,550.0,24.0
270,2021-02-01,Bandarbeyla,550.0,23.0
271,2021-03-01,Bandarbeyla,699.0,28.0
272,2021-04-01,Bandarbeyla,1082.0,37.0
273,2021-05-01,Bandarbeyla,640.0,27.0
274,2021-06-01,Bandarbeyla,1233.0,14.0
275,2021-07-01,Bandarbeyla,0.0,8.0
276,2021-08-01,Bandarbeyla,0.0,12.0
277,2021-09-01,Bandarbeyla,0.0,5.0
278,2021-10-01,Bandarbeyla,0.0,8.0
279,2021-11-01,Bandarbeyla,0.0,8.0
280,2019-01-01,Badhaadhe,29.0,20.0
281,2019-02-01,Badhaadhe,57.0,38.0
282,2019-03-01,Badhaadhe,58.0,42.0
283,2019-04-01,Badhaadhe,49.0,33.0
284,2019-05-01,Badhaadhe,32.0,24.0
285,2019-06-01,Badhaadhe,54.0,32.0
286,2019-07-01,Badhaadhe,94.0,42.0
287,2019-08-01,Badhaadhe,51.0,17.0
288,2019-09-01,Badhaadhe,21.0,5.0
289,2019-10-01,Badhaadhe,22.0,5.0
290,2019-11-01,Badhaadhe,22.0,26.0
291,2019-12-01,Badhaadhe,23.0,6.0
292,2020-01-01,Badhaadhe,17.0,7.0
293,2020-02-01,Badhaadhe,32.0,6.0
294,2020-03-01,Badhaadhe,23.0,7.0
295,2020-04-01,Badhaadhe,,
296,2020-05-01,Badhaadhe,0.0,7.0
297,2020-06-01,Badhaadhe,0.0,10.0
298,2020-07-01,Badhaadhe,,
299,2020-08-01,Badhaadhe,771.0,391.0
300,2020-09-01,Badhaadhe,1453.0,303.0
301,2020-10-01,Badhaadhe,1291.0,401.0
302,2020-11-01,Badhaadhe,345.0,282.0
303,2020-12-01,Badhaadhe,869.0,454.0
304,2021-01-01,Badhaadhe,748.0,460.0
305,2021-02-01,Badhaadhe,914.0,390.0
306,2021-03-01,Badhaadhe,1476.0,695.0
307,2021-04-01,Badhaadhe,1077.0,595.0
308,2021-05-01,Badhaadhe,125.0,47.0
309,2021-06-01,Badhaadhe,115.0,55.0
310,2021-07-01,Badhaadhe,139.0,58.0
311,2021-08-01,Badhaadhe,122.0,70.0
312,2021-09-01,Badhaadhe,195.0,67.0
313,2021-10-01,Badhaadhe,954.0,484.0
314,2021-11-01,Badhaadhe,149.0,346.0
315,2019-01-01,Belet Weyne,2459.0,913.0
316,2019-02-01,Belet Weyne,3009.0,939.0
317,2019-03-01,Belet Weyne,1333.0,963.0
318,2019-04-01,Belet Weyne,1132.0,582.0
319,2019-05-01,Belet Weyne,1391.0,1019.0
320,2019-06-01,Belet Weyne,1348.0,583.0
321,2019-07-01,Belet Weyne,1459.0,1033.0
322,2019-08-01,Belet Weyne,3658.0,833.0
323,2019-09-01,Belet Weyne,2938.0,1212.0
324,2019-10-01,Belet Weyne,4702.0,1918.0
325,2019-11-01,Belet Weyne,1873.0,1633.0
326,2019-12-01,Belet Weyne,2644.0,1827.0
327,2020-01-01,Belet Weyne,1003.0,1178.0
328,2020-02-01,Belet Weyne,1486.0,1405.0
329,2020-03-01,Belet Weyne,3891.0,1294.0
330,2020-04-01,Belet Weyne,3364.0,1461.0
331,2020-05-01,Belet Weyne,2663.0,1542.0
332,2020-06-01,Belet Weyne,2789.0,1268.0
333,2020-07-01,Belet Weyne,4425.0,947.0
334,2020-08-01,Belet Weyne,1645.0,912.0
335,2020-09-01,Belet Weyne,1268.0,685.0
336,2020-10-01,Belet Weyne,2068.0,1149.0
337,2020-11-01,Belet Weyne,1500.0,1055.0
338,2020-12-01,Belet Weyne,2053.0,592.0
339,2021-01-01,Belet Weyne,1732.0,324.0
340,2021-02-01,Belet Weyne,1364.0,389.0
341,2021-03-01,Belet Weyne,2363.0,413.0
342,2021-04-01,Belet Weyne,1740.0,767.0
343,2021-05-01,Belet Weyne,1438.0,1088.0
344,2021-06-01,Belet Weyne,2267.0,742.0
345,2021-07-01,Belet Weyne,2872.0,868.0
346,2021-08-01,Belet Weyne,2907.0,505.0
347,2021-09-01,Belet Weyne,2606.0,1188.0
348,2021-10-01,Belet Weyne,2971.0,1655.0
349,2021-11-01,Belet Weyne,2815.0,896.0
350,2019-01-01,Belet Xaawo,0.0,93.0
351,2019-02-01,Belet Xaawo,978.0,460.0
352,2019-03-01,Belet Xaawo,381.0,71.0
353,2019-04-01,Belet Xaawo,163.0,111.0
354,2019-05-01,Belet Xaawo,206.0,160.0
355,2019-06-01,Belet Xaawo,691.0,635.0
356,2019-07-01,Belet Xaawo,753.0,361.0
357,2019-08-01,Belet Xaawo,602.0,294.0
358,2019-09-01,Belet Xaawo,599.0,323.0
359,2019-10-01,Belet Xaawo,697.0,327.0
360,2019-11-01,Belet Xaawo,1223.0,503.0
361,2019-12-01,Belet Xaawo,1113.0,491.0
362,2020-01-01,Belet Xaawo,923.0,482.0
363,2020-02-01,Belet Xaawo,603.0,400.0
364,2020-03-01,Belet Xaawo,626.0,527.0
365,2020-04-01,Belet Xaawo,759.0,315.0
366,2020-05-01,Belet Xaawo,597.0,464.0
367,2020-06-01,Belet Xaawo,710.0,514.0
368,2020-07-01,Belet Xaawo,737.0,450.0
369,2020-08-01,Belet Xaawo,320.0,167.0
370,2020-09-01,Belet Xaawo,357.0,172.0
371,2020-10-01,Belet Xaawo,411.0,685.0
372,2020-11-01,Belet Xaawo,367.0,272.0
373,2020-12-01,Belet Xaawo,407.0,294.0
374,2021-01-01,Belet Xaawo,412.0,345.0
375,2021-02-01,Belet Xaawo,702.0,495.0
376,2021-03-01,Belet Xaawo,579.0,601.0
377,2021-04-01,Belet Xaawo,736.0,282.0
378,2021-05-01,Belet Xaawo,569.0,454.0
379,2021-06-01,Belet Xaawo,511.0,427.0
380,2021-07-01,Belet Xaawo,521.0,284.0
381,2021-08-01,Belet Xaawo,687.0,400.0
382,2021-09-01,Belet Xaawo,677.0,341.0
383,2021-10-01,Belet Xaawo,501.0,538.0
384,2021-11-01,Belet Xaawo,917.0,674.0
385,2019-01-01,Baraawe,331.0,80.0
386,2019-02-01,Baraawe,806.0,0.0
387,2019-03-01,Baraawe,183.0,31.0
388,2019-04-01,Baraawe,245.0,48.0
389,2019-05-01,Baraawe,433.0,112.0
390,2019-06-01,Baraawe,1145.0,349.0
391,2019-07-01,Baraawe,167.0,60.0
392,2019-08-01,Baraawe,656.0,205.0
393,2019-09-01,Baraawe,290.0,1157.0
394,2019-10-01,Baraawe,308.0,89.0
395,2019-11-01,Baraawe,469.0,119.0
396,2019-12-01,Baraawe,232.0,163.0
397,2020-01-01,Baraawe,298.0,114.0
398,2020-02-01,Baraawe,247.0,109.0
399,2020-03-01,Baraawe,65.0,97.0
400,2020-04-01,Baraawe,239.0,67.0
401,2020-05-01,Baraawe,136.0,64.0
402,2020-06-01,Baraawe,107.0,72.0
403,2020-07-01,Baraawe,59.0,76.0
404,2020-08-01,Baraawe,11.0,84.0
405,2020-09-01,Baraawe,417.0,101.0
406,2020-10-01,Baraawe,659.0,103.0
407,2020-11-01,Baraawe,489.0,94.0
408,2020-12-01,Baraawe,256.0,123.0
409,2021-01-01,Baraawe,515.0,223.0
410,2021-02-01,Baraawe,149.0,109.0
411,2021-03-01,Baraawe,206.0,120.0
412,2021-04-01,Baraawe,284.0,112.0
413,2021-05-01,Baraawe,146.0,120.0
414,2021-06-01,Baraawe,375.0,47.0
415,2021-07-01,Baraawe,134.0,151.0
416,2021-08-01,Baraawe,120.0,59.0
417,2021-09-01,Baraawe,245.0,65.0
418,2021-10-01,Baraawe,315.0,114.0
419,2021-11-01,Baraawe,220.0,113.0
420,2019-01-01,Berbera,183.0,45.0
421,2019-02-01,Berbera,583.0,28.0
422,2019-03-01,Berbera,236.0,52.0
423,2019-04-01,Berbera,307.0,53.0
424,2019-05-01,Berbera,322.0,4.0
425,2019-06-01,Berbera,242.0,88.0
426,2019-07-01,Berbera,170.0,100.0
427,2019-08-01,Berbera,170.0,110.0
428,2019-09-01,Berbera,270.0,94.0
429,2019-10-01,Berbera,261.0,70.0
430,2019-11-01,Berbera,359.0,92.0
431,2019-12-01,Berbera,358.0,102.0
432,2020-01-01,Berbera,473.0,61.0
433,2020-02-01,Berbera,444.0,95.0
434,2020-03-01,Berbera,343.0,61.0
435,2020-04-01,Berbera,370.0,57.0
436,2020-05-01,Berbera,381.0,157.0
437,2020-06-01,Berbera,86.0,78.0
438,2020-07-01,Berbera,27.0,71.0
439,2020-08-01,Berbera,19.0,102.0
440,2020-09-01,Berbera,0.0,111.0
441,2020-10-01,Berbera,15.0,108.0
442,2020-11-01,Berbera,539.0,76.0
443,2020-12-01,Berbera,821.0,69.0
444,2021-01-01,Berbera,442.0,181.0
445,2021-02-01,Berbera,378.0,84.0
446,2021-03-01,Berbera,71.0,104.0
447,2021-04-01,Berbera,51.0,39.0
448,2021-05-01,Berbera,39.0,46.0
449,2021-06-01,Berbera,1683.0,26.0
450,2021-07-01,Berbera,1163.0,19.0
451,2021-08-01,Berbera,336.0,16.0
452,2021-09-01,Berbera,470.0,85.0
453,2021-10-01,Berbera,53.0,116.0
454,2021-11-01,Berbera,54.0,101.0
455,2019-01-01,Borama,1682.0,128.0
456,2019-02-01,Borama,1514.0,84.0
457,2019-03-01,Borama,1260.0,164.0
458,2019-04-01,Borama,1512.0,144.0
459,2019-05-01,Borama,801.0,171.0
460,2019-06-01,Borama,806.0,49.0
461,2019-07-01,Borama,1301.0,163.0
462,2019-08-01,Borama,671.0,130.0
463,2019-09-01,Borama,901.0,232.0
464,2019-10-01,Borama,625.0,254.0
465,2019-11-01,Borama,557.0,133.0
466,2019-12-01,Borama,748.0,138.0
467,2020-01-01,Borama,709.0,313.0
468,2020-02-01,Borama,917.0,181.0
469,2020-03-01,Borama,772.0,228.0
470,2020-04-01,Borama,100.0,183.0
471,2020-05-01,Borama,283.0,98.0
472,2020-06-01,Borama,1374.0,247.0
473,2020-07-01,Borama,1131.0,213.0
474,2020-08-01,Borama,787.0,226.0
475,2020-09-01,Borama,1485.0,253.0
476,2020-10-01,Borama,1003.0,267.0
477,2020-11-01,Borama,1260.0,226.0
478,2020-12-01,Borama,96.0,211.0
479,2021-01-01,Borama,1195.0,169.0
480,2021-02-01,Borama,1048.0,225.0
481,2021-03-01,Borama,142.0,209.0
482,2021-04-01,Borama,82.0,209.0
483,2021-05-01,Borama,1610.0,199.0
484,2021-06-01,Borama,1441.0,324.0
485,2021-07-01,Borama,230.0,591.0
486,2021-08-01,Borama,337.0,532.0
487,2021-09-01,Borama,1307.0,485.0
488,2021-10-01,Borama,626.0,125.0
489,2021-11-01,Borama,1494.0,148.0
490,2019-01-01,Bossaso,0.0,319.0
491,2019-02-01,Bossaso,0.0,291.0
492,2019-03-01,Bossaso,1124.0,426.0
493,2019-04-01,Bossaso,1032.0,383.0
494,2019-05-01,Bossaso,1271.0,459.0
495,2019-06-01,Bossaso,2609.0,525.0
496,2019-07-01,Bossaso,3045.0,643.0
497,2019-08-01,Bossaso,1198.0,411.0
498,2019-09-01,Bossaso,250.0,393.0
499,2019-10-01,Bossaso,2220.0,448.0
500,2019-11-01,Bossaso,1878.0,436.0
501,2019-12-01,Bossaso,3257.0,595.0
502,2020-01-01,Bossaso,80.0,622.0
503,2020-02-01,Bossaso,1235.0,441.0
504,2020-03-01,Bossaso,2816.0,478.0
505,2020-04-01,Bossaso,177.0,491.0
506,2020-05-01,Bossaso,51.0,305.0
507,2020-06-01,Bossaso,119.0,687.0
508,2020-07-01,Bossaso,699.0,578.0
509,2020-08-01,Bossaso,663.0,522.0
510,2020-09-01,Bossaso,629.0,475.0
511,2020-10-01,Bossaso,524.0,528.0
512,2020-11-01,Bossaso,615.0,517.0
513,2020-12-01,Bossaso,533.0,592.0
514,2021-01-01,Bossaso,618.0,526.0
515,2021-02-01,Bossaso,396.0,364.0
516,2021-03-01,Bossaso,798.0,440.0
517,2021-04-01,Bossaso,1064.0,433.0
518,2021-05-01,Bossaso,963.0,494.0
519,2021-06-01,Bossaso,1529.0,376.0
520,2021-07-01,Bossaso,814.0,236.0
521,2021-08-01,Bossaso,910.0,596.0
522,2021-09-01,Bossaso,1058.0,645.0
523,2021-10-01,Bossaso,1081.0,699.0
524,2021-11-01,Bossaso,1396.0,601.0
525,2019-01-01,Bulo Burto,0.0,56.0
526,2019-02-01,Bulo Burto,0.0,132.0
527,2019-03-01,Bulo Burto,3068.0,40.0
528,2019-04-01,Bulo Burto,0.0,59.0
529,2019-05-01,Bulo Burto,0.0,46.0
530,2019-06-01,Bulo Burto,0.0,105.0
531,2019-07-01,Bulo Burto,1851.0,92.0
532,2019-08-01,Bulo Burto,1701.0,63.0
533,2019-09-01,Bulo Burto,189.0,142.0
534,2019-10-01,Bulo Burto,444.0,99.0
535,2019-11-01,Bulo Burto,0.0,25.0
536,2019-12-01,Bulo Burto,445.0,0.0
537,2020-01-01,Bulo Burto,0.0,20.0
538,2020-02-01,Bulo Burto,76.0,14.0
539,2020-03-01,Bulo Burto,0.0,14.0
540,2020-04-01,Bulo Burto,2501.0,39.0
541,2020-05-01,Bulo Burto,0.0,28.0
542,2020-06-01,Bulo Burto,0.0,24.0
543,2020-07-01,Bulo Burto,0.0,0.0
544,2020-08-01,Bulo Burto,495.0,30.0
545,2020-09-01,Bulo Burto,,
546,2020-10-01,Bulo Burto,1628.0,21.0
547,2020-11-01,Bulo Burto,2616.0,37.0
548,2020-12-01,Bulo Burto,814.0,42.0
549,2021-01-01,Bulo Burto,1628.0,48.0
550,2021-02-01,Bulo Burto,966.0,26.0
551,2021-03-01,Bulo Burto,2604.0,20.0
552,2021-04-01,Bulo Burto,819.0,31.0
553,2021-05-01,Bulo Burto,814.0,0.0
554,2021-06-01,Bulo Burto,814.0,87.0
555,2021-07-01,Bulo Burto,814.0,55.0
556,2021-08-01,Bulo Burto,1628.0,215.0
557,2021-09-01,Bulo Burto,1628.0,64.0
558,2021-10-01,Bulo Burto,0.0,210.0
559,2021-11-01,Bulo Burto,814.0,473.0
560,2019-01-01,Burco,284.0,315.0
561,2019-02-01,Burco,76.0,179.0
562,2019-03-01,Burco,104.0,178.0
563,2019-04-01,Burco,203.0,374.0
564,2019-05-01,Burco,53.0,261.0
565,2019-06-01,Burco,0.0,76.0
566,2019-07-01,Burco,38.0,248.0
567,2019-08-01,Burco,36.0,118.0
568,2019-09-01,Burco,161.0,131.0
569,2019-10-01,Burco,167.0,104.0
570,2019-11-01,Burco,0.0,83.0
571,2019-12-01,Burco,0.0,114.0
572,2020-01-01,Burco,742.0,350.0
573,2020-02-01,Burco,1473.0,285.0
574,2020-03-01,Burco,718.0,351.0
575,2020-04-01,Burco,481.0,187.0
576,2020-05-01,Burco,90.0,234.0
577,2020-06-01,Burco,246.0,249.0
578,2020-07-01,Burco,642.0,275.0
579,2020-08-01,Burco,314.0,141.0
580,2020-09-01,Burco,73.0,157.0
581,2020-10-01,Burco,204.0,228.0
582,2020-11-01,Burco,1551.0,217.0
583,2020-12-01,Burco,219.0,127.0
584,2021-01-01,Burco,457.0,146.0
585,2021-02-01,Burco,118.0,130.0
586,2021-03-01,Burco,1847.0,114.0
587,2021-04-01,Burco,2112.0,90.0
588,2021-05-01,Burco,2406.0,86.0
589,2021-06-01,Burco,1914.0,151.0
590,2021-07-01,Burco,1631.0,184.0
591,2021-08-01,Burco,2110.0,164.0
592,2021-09-01,Burco,2460.0,120.0
593,2021-10-01,Burco,2089.0,83.0
594,2021-11-01,Burco,415.0,109.0
595,2019-01-01,Burtinle,457.0,106.0
596,2019-02-01,Burtinle,212.0,109.0
597,2019-03-01,Burtinle,0.0,107.0
598,2019-04-01,Burtinle,0.0,93.0
599,2019-05-01,Burtinle,347.0,120.0
600,2019-06-01,Burtinle,233.0,135.0
601,2019-07-01,Burtinle,263.0,171.0
602,2019-08-01,Burtinle,218.0,238.0
603,2019-09-01,Burtinle,315.0,127.0
604,2019-10-01,Burtinle,157.0,97.0
605,2019-11-01,Burtinle,60.0,89.0
606,2019-12-01,Burtinle,200.0,91.0
607,2020-01-01,Burtinle,256.0,86.0
608,2020-02-01,Burtinle,289.0,104.0
609,2020-03-01,Burtinle,126.0,98.0
610,2020-04-01,Burtinle,154.0,84.0
611,2020-05-01,Burtinle,112.0,61.0
612,2020-06-01,Burtinle,112.0,88.0
613,2020-07-01,Burtinle,171.0,75.0
614,2020-08-01,Burtinle,123.0,124.0
615,2020-09-01,Burtinle,104.0,39.0
616,2020-10-01,Burtinle,361.0,79.0
617,2020-11-01,Burtinle,252.0,190.0
618,2020-12-01,Burtinle,130.0,87.0
619,2021-01-01,Burtinle,225.0,146.0
620,2021-02-01,Burtinle,206.0,193.0
621,2021-03-01,Burtinle,212.0,112.0
622,2021-04-01,Burtinle,147.0,121.0
623,2021-05-01,Burtinle,199.0,121.0
624,2021-06-01,Burtinle,206.0,96.0
625,2021-07-01,Burtinle,246.0,129.0
626,2021-08-01,Burtinle,202.0,137.0
627,2021-09-01,Burtinle,197.0,155.0
628,2021-10-01,Burtinle,203.0,116.0
629,2021-11-01,Burtinle,271.0,146.0
630,2019-01-01,Buuhoodle,193.0,79.0
631,2019-02-01,Buuhoodle,0.0,20.0
632,2019-03-01,Buuhoodle,0.0,116.0
633,2019-04-01,Buuhoodle,0.0,55.0
634,2019-05-01,Buuhoodle,0.0,50.0
635,2019-06-01,Buuhoodle,0.0,45.0
636,2019-07-01,Buuhoodle,0.0,55.0
637,2019-08-01,Buuhoodle,0.0,77.0
638,2019-09-01,Buuhoodle,0.0,80.0
639,2019-10-01,Buuhoodle,0.0,55.0
640,2019-11-01,Buuhoodle,0.0,56.0
641,2019-12-01,Buuhoodle,535.0,113.0
642,2020-01-01,Buuhoodle,610.0,209.0
643,2020-02-01,Buuhoodle,580.0,344.0
644,2020-03-01,Buuhoodle,926.0,357.0
645,2020-04-01,Buuhoodle,766.0,463.0
646,2020-05-01,Buuhoodle,750.0,509.0
647,2020-06-01,Buuhoodle,716.0,534.0
648,2020-07-01,Buuhoodle,710.0,434.0
649,2020-08-01,Buuhoodle,778.0,499.0
650,2020-09-01,Buuhoodle,720.0,394.0
651,2020-10-01,Buuhoodle,816.0,399.0
652,2020-11-01,Buuhoodle,730.0,411.0
653,2020-12-01,Buuhoodle,750.0,340.0
654,2021-01-01,Buuhoodle,781.0,490.0
655,2021-02-01,Buuhoodle,752.0,390.0
656,2021-03-01,Buuhoodle,790.0,0.0
657,2021-04-01,Buuhoodle,473.0,0.0
658,2021-05-01,Buuhoodle,607.0,38.0
659,2021-06-01,Buuhoodle,1413.0,42.0
660,2021-07-01,Buuhoodle,465.0,38.0
661,2021-08-01,Buuhoodle,495.0,44.0
662,2021-09-01,Buuhoodle,454.0,27.0
663,2021-10-01,Buuhoodle,515.0,56.0
664,2021-11-01,Buuhoodle,0.0,111.0
665,2019-01-01,Buur Hakaba,0.0,255.0
666,2019-02-01,Buur Hakaba,0.0,138.0
667,2019-03-01,Buur Hakaba,0.0,263.0
668,2019-04-01,Buur Hakaba,0.0,252.0
669,2019-05-01,Buur Hakaba,0.0,347.0
670,2019-06-01,Buur Hakaba,0.0,434.0
671,2019-07-01,Buur Hakaba,0.0,233.0
672,2019-08-01,Buur Hakaba,0.0,169.0
673,2019-09-01,Buur Hakaba,347.0,242.0
674,2019-10-01,Buur Hakaba,0.0,0.0
675,2019-11-01,Buur Hakaba,238.0,275.0
676,2019-12-01,Buur Hakaba,213.0,323.0
677,2020-01-01,Buur Hakaba,445.0,339.0
678,2020-02-01,Buur Hakaba,825.0,443.0
679,2020-03-01,Buur Hakaba,957.0,385.0
680,2020-04-01,Buur Hakaba,415.0,166.0
681,2020-05-01,Buur Hakaba,332.0,178.0
682,2020-06-01,Buur Hakaba,319.0,201.0
683,2020-07-01,Buur Hakaba,237.0,116.0
684,2020-08-01,Buur Hakaba,333.0,164.0
685,2020-09-01,Buur Hakaba,324.0,164.0
686,2020-10-01,Buur Hakaba,315.0,147.0
687,2020-11-01,Buur Hakaba,291.0,162.0
688,2020-12-01,Buur Hakaba,263.0,160.0
689,2021-01-01,Buur Hakaba,352.0,195.0
690,2021-02-01,Buur Hakaba,327.0,155.0
691,2021-03-01,Buur Hakaba,341.0,156.0
692,2021-04-01,Buur Hakaba,322.0,178.0
693,2021-05-01,Buur Hakaba,368.0,218.0
694,2021-06-01,Buur Hakaba,385.0,260.0
695,2021-07-01,Buur Hakaba,266.0,193.0
696,2021-08-01,Buur Hakaba,369.0,241.0
697,2021-09-01,Buur Hakaba,291.0,278.0
698,2021-10-01,Buur Hakaba,269.0,282.0
699,2021-11-01,Buur Hakaba,249.0,309.0
700,2019-01-01,Cabudwaaq,0.0,188.0
701,2019-02-01,Cabudwaaq,126.0,0.0
702,2019-03-01,Cabudwaaq,97.0,88.0
703,2019-04-01,Cabudwaaq,,
704,2019-05-01,Cabudwaaq,0.0,36.0
705,2019-06-01,Cabudwaaq,0.0,81.0
706,2019-07-01,Cabudwaaq,,
707,2019-08-01,Cabudwaaq,0.0,0.0
708,2019-09-01,Cabudwaaq,,
709,2019-10-01,Cabudwaaq,,
710,2019-11-01,Cabudwaaq,456.0,0.0
711,2019-12-01,Cabudwaaq,,
712,2020-01-01,Cabudwaaq,2820.0,208.0
713,2020-02-01,Cabudwaaq,0.0,86.0
714,2020-03-01,Cabudwaaq,0.0,96.0
715,2020-04-01,Cabudwaaq,0.0,129.0
716,2020-05-01,Cabudwaaq,207.0,57.0
717,2020-06-01,Cabudwaaq,440.0,455.0
718,2020-07-01,Cabudwaaq,438.0,500.0
719,2020-08-01,Cabudwaaq,180.0,205.0
720,2020-09-01,Cabudwaaq,152.0,175.0
721,2020-10-01,Cabudwaaq,399.0,163.0
722,2020-11-01,Cabudwaaq,682.0,253.0
723,2020-12-01,Cabudwaaq,425.0,177.0
724,2021-01-01,Cabudwaaq,,
725,2021-02-01,Cabudwaaq,,
726,2021-03-01,Cabudwaaq,,
727,2021-04-01,Cabudwaaq,0.0,125.0
728,2021-05-01,Cabudwaaq,,
729,2021-06-01,Cabudwaaq,0.0,117.0
730,2021-07-01,Cabudwaaq,0.0,140.0
731,2021-08-01,Cabudwaaq,0.0,193.0
732,2021-09-01,Cabudwaaq,387.0,122.0
733,2021-10-01,Cabudwaaq,640.0,241.0
734,2021-11-01,Cabudwaaq,645.0,347.0
735,2019-01-01,Cadaado,427.0,47.0
736,2019-02-01,Cadaado,453.0,35.0
737,2019-03-01,Cadaado,370.0,72.0
738,2019-04-01,Cadaado,305.0,58.0
739,2019-05-01,Cadaado,201.0,62.0
740,2019-06-01,Cadaado,399.0,55.0
741,2019-07-01,Cadaado,320.0,47.0
742,2019-08-01,Cadaado,426.0,42.0
743,2019-09-01,Cadaado,409.0,47.0
744,2019-10-01,Cadaado,389.0,36.0
745,2019-11-01,Cadaado,239.0,95.0
746,2019-12-01,Cadaado,400.0,163.0
747,2020-01-01,Cadaado,263.0,73.0
748,2020-02-01,Cadaado,159.0,46.0
749,2020-03-01,Cadaado,629.0,41.0
750,2020-04-01,Cadaado,186.0,21.0
751,2020-05-01,Cadaado,187.0,33.0
752,2020-06-01,Cadaado,610.0,61.0
753,2020-07-01,Cadaado,419.0,107.0
754,2020-08-01,Cadaado,482.0,94.0
755,2020-09-01,Cadaado,221.0,34.0
756,2020-10-01,Cadaado,19.0,37.0
757,2020-11-01,Cadaado,239.0,31.0
758,2020-12-01,Cadaado,209.0,56.0
759,2021-01-01,Cadaado,252.0,45.0
760,2021-02-01,Cadaado,168.0,30.0
761,2021-03-01,Cadaado,190.0,41.0
762,2021-04-01,Cadaado,192.0,38.0
763,2021-05-01,Cadaado,257.0,50.0
764,2021-06-01,Cadaado,209.0,41.0
765,2021-07-01,Cadaado,136.0,43.0
766,2021-08-01,Cadaado,57.0,41.0
767,2021-09-01,Cadaado,0.0,64.0
768,2021-10-01,Cadaado,0.0,257.0
769,2021-11-01,Cadaado,0.0,304.0
770,2019-01-01,Cadale,,
771,2019-02-01,Cadale,182.0,18.0
772,2019-03-01,Cadale,158.0,10.0
773,2019-04-01,Cadale,81.0,0.0
774,2019-05-01,Cadale,152.0,0.0
775,2019-06-01,Cadale,136.0,0.0
776,2019-07-01,Cadale,,
777,2019-08-01,Cadale,,
778,2019-09-01,Cadale,,
779,2019-10-01,Cadale,,
780,2019-11-01,Cadale,,
781,2019-12-01,Cadale,250.0,58.0
782,2020-01-01,Cadale,403.0,138.0
783,2020-02-01,Cadale,321.0,336.0
784,2020-03-01,Cadale,88.0,126.0
785,2020-04-01,Cadale,6.0,69.0
786,2020-05-01,Cadale,297.0,137.0
787,2020-06-01,Cadale,508.0,367.0
788,2020-07-01,Cadale,757.0,319.0
789,2020-08-01,Cadale,149.0,180.0
790,2020-09-01,Cadale,160.0,168.0
791,2020-10-01,Cadale,140.0,24.0
792,2020-11-01,Cadale,80.0,16.0
793,2020-12-01,Cadale,,
794,2021-01-01,Cadale,81.0,19.0
795,2021-02-01,Cadale,28.0,11.0
796,2021-03-01,Cadale,104.0,21.0
797,2021-04-01,Cadale,68.0,13.0
798,2021-05-01,Cadale,266.0,14.0
799,2021-06-01,Cadale,362.0,15.0
800,2021-07-01,Cadale,100.0,16.0
801,2021-08-01,Cadale,77.0,13.0
802,2021-09-01,Cadale,131.0,15.0
803,2021-10-01,Cadale,261.0,20.0
804,2021-11-01,Cadale,169.0,17.0
805,2019-01-01,Caluula,0.0,58.0
806,2019-02-01,Caluula,0.0,27.0
807,2019-03-01,Caluula,,
808,2019-04-01,Caluula,876.0,15.0
809,2019-05-01,Caluula,0.0,50.0
810,2019-06-01,Caluula,0.0,31.0
811,2019-07-01,Caluula,0.0,32.0
812,2019-08-01,Caluula,0.0,34.0
813,2019-09-01,Caluula,0.0,31.0
814,2019-10-01,Caluula,0.0,32.0
815,2019-11-01,Caluula,,
816,2019-12-01,Caluula,271.0,34.0
817,2020-01-01,Caluula,379.0,34.0
818,2020-02-01,Caluula,847.0,47.0
819,2020-03-01,Caluula,0.0,29.0
820,2020-04-01,Caluula,752.0,23.0
821,2020-05-01,Caluula,344.0,37.0
822,2020-06-01,Caluula,742.0,39.0
823,2020-07-01,Caluula,0.0,37.0
824,2020-08-01,Caluula,0.0,41.0
825,2020-09-01,Caluula,0.0,53.0
826,2020-10-01,Caluula,0.0,37.0
827,2020-11-01,Caluula,0.0,44.0
828,2020-12-01,Caluula,0.0,64.0
829,2021-01-01,Caluula,722.0,36.0
830,2021-02-01,Caluula,684.0,38.0
831,2021-03-01,Caluula,1058.0,56.0
832,2021-04-01,Caluula,347.0,46.0
833,2021-05-01,Caluula,1206.0,52.0
834,2021-06-01,Caluula,918.0,48.0
835,2021-07-01,Caluula,895.0,57.0
836,2021-08-01,Caluula,718.0,56.0
837,2021-09-01,Caluula,738.0,59.0
838,2021-10-01,Caluula,736.0,63.0
839,2021-11-01,Caluula,186.0,55.0
840,2019-01-01,Caynabo,58.0,4.0
841,2019-02-01,Caynabo,108.0,12.0
842,2019-03-01,Caynabo,115.0,80.0
843,2019-04-01,Caynabo,94.0,26.0
844,2019-05-01,Caynabo,243.0,60.0
845,2019-06-01,Caynabo,110.0,28.0
846,2019-07-01,Caynabo,158.0,131.0
847,2019-08-01,Caynabo,94.0,54.0
848,2019-09-01,Caynabo,509.0,84.0
849,2019-10-01,Caynabo,140.0,51.0
850,2019-11-01,Caynabo,182.0,103.0
851,2019-12-01,Caynabo,165.0,94.0
852,2020-01-01,Caynabo,327.0,42.0
853,2020-02-01,Caynabo,478.0,54.0
854,2020-03-01,Caynabo,203.0,52.0
855,2020-04-01,Caynabo,331.0,80.0
856,2020-05-01,Caynabo,156.0,91.0
857,2020-06-01,Caynabo,557.0,77.0
858,2020-07-01,Caynabo,828.0,85.0
859,2020-08-01,Caynabo,420.0,104.0
860,2020-09-01,Caynabo,422.0,114.0
861,2020-10-01,Caynabo,436.0,118.0
862,2020-11-01,Caynabo,207.0,124.0
863,2020-12-01,Caynabo,517.0,66.0
864,2021-01-01,Caynabo,215.0,65.0
865,2021-02-01,Caynabo,395.0,94.0
866,2021-03-01,Caynabo,269.0,99.0
867,2021-04-01,Caynabo,768.0,132.0
868,2021-05-01,Caynabo,738.0,110.0
869,2021-06-01,Caynabo,579.0,185.0
870,2021-07-01,Caynabo,425.0,124.0
871,2021-08-01,Caynabo,726.0,131.0
872,2021-09-01,Caynabo,613.0,117.0
873,2021-10-01,Caynabo,430.0,121.0
874,2021-11-01,Caynabo,556.0,98.0
875,2019-01-01,Ceel Afweyn,150.0,38.0
876,2019-02-01,Ceel Afweyn,1307.0,20.0
877,2019-03-01,Ceel Afweyn,0.0,14.0
878,2019-04-01,Ceel Afweyn,2242.0,23.0
879,2019-05-01,Ceel Afweyn,996.0,2.0
880,2019-06-01,Ceel Afweyn,222.0,11.0
881,2019-07-01,Ceel Afweyn,15.0,6.0
882,2019-08-01,Ceel Afweyn,2600.0,14.0
883,2019-09-01,Ceel Afweyn,308.0,11.0
884,2019-10-01,Ceel Afweyn,584.0,256.0
885,2019-11-01,Ceel Afweyn,500.0,132.0
886,2019-12-01,Ceel Afweyn,1495.0,116.0
887,2020-01-01,Ceel Afweyn,550.0,22.0
888,2020-02-01,Ceel Afweyn,78.0,20.0
889,2020-03-01,Ceel Afweyn,272.0,15.0
890,2020-04-01,Ceel Afweyn,360.0,17.0
891,2020-05-01,Ceel Afweyn,158.0,26.0
892,2020-06-01,Ceel Afweyn,390.0,24.0
893,2020-07-01,Ceel Afweyn,259.0,25.0
894,2020-08-01,Ceel Afweyn,294.0,21.0
895,2020-09-01,Ceel Afweyn,0.0,27.0
896,2020-10-01,Ceel Afweyn,306.0,18.0
897,2020-11-01,Ceel Afweyn,0.0,123.0
898,2020-12-01,Ceel Afweyn,184.0,18.0
899,2021-01-01,Ceel Afweyn,372.0,36.0
900,2021-02-01,Ceel Afweyn,306.0,41.0
901,2021-03-01,Ceel Afweyn,332.0,67.0
902,2021-04-01,Ceel Afweyn,215.0,46.0
903,2021-05-01,Ceel Afweyn,331.0,56.0
904,2021-06-01,Ceel Afweyn,164.0,73.0
905,2021-07-01,Ceel Afweyn,257.0,85.0
906,2021-08-01,Ceel Afweyn,345.0,57.0
907,2021-09-01,Ceel Afweyn,233.0,74.0
908,2021-10-01,Ceel Afweyn,145.0,53.0
909,2021-11-01,Ceel Afweyn,98.0,34.0
910,2019-01-01,Ceel Barde,274.0,493.0
911,2019-02-01,Ceel Barde,227.0,106.0
912,2019-03-01,Ceel Barde,175.0,170.0
913,2019-04-01,Ceel Barde,200.0,665.0
914,2019-05-01,Ceel Barde,154.0,306.0
915,2019-06-01,Ceel Barde,131.0,269.0
916,2019-07-01,Ceel Barde,126.0,379.0
917,2019-08-01,Ceel Barde,117.0,180.0
918,2019-09-01,Ceel Barde,123.0,537.0
919,2019-10-01,Ceel Barde,113.0,321.0
920,2019-11-01,Ceel Barde,184.0,186.0
921,2019-12-01,Ceel Barde,197.0,275.0
922,2020-01-01,Ceel Barde,258.0,716.0
923,2020-02-01,Ceel Barde,173.0,534.0
924,2020-03-01,Ceel Barde,274.0,484.0
925,2020-04-01,Ceel Barde,175.0,468.0
926,2020-05-01,Ceel Barde,0.0,487.0
927,2020-06-01,Ceel Barde,0.0,585.0
928,2020-07-01,Ceel Barde,0.0,535.0
929,2020-08-01,Ceel Barde,0.0,380.0
930,2020-09-01,Ceel Barde,0.0,397.0
931,2020-10-01,Ceel Barde,0.0,373.0
932,2020-11-01,Ceel Barde,0.0,374.0
933,2020-12-01,Ceel Barde,0.0,337.0
934,2021-01-01,Ceel Barde,0.0,297.0
935,2021-02-01,Ceel Barde,0.0,389.0
936,2021-03-01,Ceel Barde,292.0,248.0
937,2021-04-01,Ceel Barde,89.0,110.0
938,2021-05-01,Ceel Barde,209.0,244.0
939,2021-06-01,Ceel Barde,988.0,253.0
940,2021-07-01,Ceel Barde,0.0,185.0
941,2021-08-01,Ceel Barde,0.0,192.0
942,2021-09-01,Ceel Barde,0.0,194.0
943,2021-10-01,Ceel Barde,203.0,106.0
944,2021-11-01,Ceel Barde,0.0,191.0
945,2019-01-01,Ceel Buur,0.0,288.0
946,2019-02-01,Ceel Buur,0.0,205.0
947,2019-03-01,Ceel Buur,0.0,284.0
948,2019-04-01,Ceel Buur,0.0,304.0
949,2019-05-01,Ceel Buur,0.0,264.0
950,2019-06-01,Ceel Buur,0.0,658.0
951,2019-07-01,Ceel Buur,0.0,695.0
952,2019-08-01,Ceel Buur,0.0,352.0
953,2019-09-01,Ceel Buur,,
954,2019-10-01,Ceel Buur,,
955,2019-11-01,Ceel Buur,140.0,144.0
956,2019-12-01,Ceel Buur,95.0,140.0
957,2020-01-01,Ceel Buur,130.0,248.0
958,2020-02-01,Ceel Buur,231.0,167.0
959,2020-03-01,Ceel Buur,232.0,259.0
960,2020-04-01,Ceel Buur,247.0,93.0
961,2020-05-01,Ceel Buur,219.0,116.0
962,2020-06-01,Ceel Buur,167.0,90.0
963,2020-07-01,Ceel Buur,252.0,124.0
964,2020-08-01,Ceel Buur,241.0,94.0
965,2020-09-01,Ceel Buur,595.0,257.0
966,2020-10-01,Ceel Buur,206.0,97.0
967,2020-11-01,Ceel Buur,,
968,2020-12-01,Ceel Buur,,
969,2021-01-01,Ceel Buur,,
970,2021-02-01,Ceel Buur,157.0,123.0
971,2021-03-01,Ceel Buur,379.0,178.0
972,2021-04-01,Ceel Buur,403.0,214.0
973,2021-05-01,Ceel Buur,443.0,173.0
974,2021-06-01,Ceel Buur,371.0,156.0
975,2021-07-01,Ceel Buur,322.0,132.0
976,2021-08-01,Ceel Buur,,
977,2021-09-01,Ceel Buur,82.0,71.0
978,2021-10-01,Ceel Buur,422.0,166.0
979,2021-11-01,Ceel Buur,370.0,241.0
980,2019-01-01,Ceel Dheer,163.0,148.0
981,2019-02-01,Ceel Dheer,162.0,256.0
982,2019-03-01,Ceel Dheer,181.0,197.0
983,2019-04-01,Ceel Dheer,155.0,208.0
984,2019-05-01,Ceel Dheer,171.0,220.0
985,2019-06-01,Ceel Dheer,181.0,157.0
986,2019-07-01,Ceel Dheer,,
987,2019-08-01,Ceel Dheer,,
988,2019-09-01,Ceel Dheer,0.0,0.0
989,2019-10-01,Ceel Dheer,164.0,106.0
990,2019-11-01,Ceel Dheer,140.0,85.0
991,2019-12-01,Ceel Dheer,195.0,85.0
992,2020-01-01,Ceel Dheer,142.0,70.0
993,2020-02-01,Ceel Dheer,101.0,104.0
994,2020-03-01,Ceel Dheer,140.0,93.0
995,2020-04-01,Ceel Dheer,142.0,76.0
996,2020-05-01,Ceel Dheer,144.0,69.0
997,2020-06-01,Ceel Dheer,139.0,64.0
998,2020-07-01,Ceel Dheer,147.0,91.0
999,2020-08-01,Ceel Dheer,238.0,141.0
1000,2020-09-01,Ceel Dheer,287.0,155.0
1001,2020-10-01,Ceel Dheer,267.0,143.0
1002,2020-11-01,Ceel Dheer,289.0,139.0
1003,2020-12-01,Ceel Dheer,196.0,108.0
1004,2021-01-01,Ceel Dheer,230.0,108.0
1005,2021-02-01,Ceel Dheer,235.0,130.0
1006,2021-03-01,Ceel Dheer,210.0,110.0
1007,2021-04-01,Ceel Dheer,190.0,103.0
1008,2021-05-01,Ceel Dheer,161.0,98.0
1009,2021-06-01,Ceel Dheer,323.0,152.0
1010,2021-07-01,Ceel Dheer,206.0,121.0
1011,2021-08-01,Ceel Dheer,181.0,91.0
1012,2021-09-01,Ceel Dheer,135.0,87.0
1013,2021-10-01,Ceel Dheer,,
1014,2021-11-01,Ceel Dheer,,
1015,2019-01-01,Ceel Waaq,0.0,477.0
1016,2019-02-01,Ceel Waaq,0.0,718.0
1017,2019-03-01,Ceel Waaq,0.0,788.0
1018,2019-04-01,Ceel Waaq,0.0,1376.0
1019,2019-05-01,Ceel Waaq,0.0,1572.0
1020,2019-06-01,Ceel Waaq,0.0,1625.0
1021,2019-07-01,Ceel Waaq,0.0,93.0
1022,2019-08-01,Ceel Waaq,0.0,175.0
1023,2019-09-01,Ceel Waaq,0.0,163.0
1024,2019-10-01,Ceel Waaq,0.0,128.0
1025,2019-11-01,Ceel Waaq,0.0,144.0
1026,2019-12-01,Ceel Waaq,0.0,106.0
1027,2020-01-01,Ceel Waaq,0.0,80.0
1028,2020-02-01,Ceel Waaq,0.0,42.0
1029,2020-03-01,Ceel Waaq,0.0,33.0
1030,2020-04-01,Ceel Waaq,0.0,23.0
1031,2020-05-01,Ceel Waaq,0.0,33.0
1032,2020-06-01,Ceel Waaq,,
1033,2020-07-01,Ceel Waaq,0.0,51.0
1034,2020-08-01,Ceel Waaq,0.0,67.0
1035,2020-09-01,Ceel Waaq,0.0,160.0
1036,2020-10-01,Ceel Waaq,0.0,114.0
1037,2020-11-01,Ceel Waaq,0.0,171.0
1038,2020-12-01,Ceel Waaq,0.0,80.0
1039,2021-01-01,Ceel Waaq,0.0,95.0
1040,2021-02-01,Ceel Waaq,0.0,58.0
1041,2021-03-01,Ceel Waaq,0.0,160.0
1042,2021-04-01,Ceel Waaq,0.0,243.0
1043,2021-05-01,Ceel Waaq,203.0,220.0
1044,2021-06-01,Ceel Waaq,202.0,39.0
1045,2021-07-01,Ceel Waaq,136.0,323.0
1046,2021-08-01,Ceel Waaq,113.0,337.0
1047,2021-09-01,Ceel Waaq,174.0,328.0
1048,2021-10-01,Ceel Waaq,222.0,355.0
1049,2021-11-01,Ceel Waaq,209.0,325.0
1050,2019-01-01,Ceerigaabo,237.0,64.0
1051,2019-02-01,Ceerigaabo,849.0,12.0
1052,2019-03-01,Ceerigaabo,189.0,50.0
1053,2019-04-01,Ceerigaabo,124.0,64.0
1054,2019-05-01,Ceerigaabo,129.0,68.0
1055,2019-06-01,Ceerigaabo,541.0,70.0
1056,2019-07-01,Ceerigaabo,129.0,107.0
1057,2019-08-01,Ceerigaabo,286.0,518.0
1058,2019-09-01,Ceerigaabo,539.0,255.0
1059,2019-10-01,Ceerigaabo,222.0,169.0
1060,2019-11-01,Ceerigaabo,177.0,113.0
1061,2019-12-01,Ceerigaabo,56.0,204.0
1062,2020-01-01,Ceerigaabo,161.0,178.0
1063,2020-02-01,Ceerigaabo,173.0,86.0
1064,2020-03-01,Ceerigaabo,262.0,141.0
1065,2020-04-01,Ceerigaabo,178.0,149.0
1066,2020-05-01,Ceerigaabo,398.0,154.0
1067,2020-06-01,Ceerigaabo,117.0,94.0
1068,2020-07-01,Ceerigaabo,183.0,131.0
1069,2020-08-01,Ceerigaabo,215.0,151.0
1070,2020-09-01,Ceerigaabo,239.0,113.0
1071,2020-10-01,Ceerigaabo,163.0,134.0
1072,2020-11-01,Ceerigaabo,156.0,141.0
1073,2020-12-01,Ceerigaabo,751.0,133.0
1074,2021-01-01,Ceerigaabo,586.0,151.0
1075,2021-02-01,Ceerigaabo,1017.0,140.0
1076,2021-03-01,Ceerigaabo,364.0,74.0
1077,2021-04-01,Ceerigaabo,362.0,77.0
1078,2021-05-01,Ceerigaabo,535.0,154.0
1079,2021-06-01,Ceerigaabo,423.0,93.0
1080,2021-07-01,Ceerigaabo,304.0,87.0
1081,2021-08-01,Ceerigaabo,630.0,144.0
1082,2021-09-01,Ceerigaabo,490.0,121.0
1083,2021-10-01,Ceerigaabo,698.0,157.0
1084,2021-11-01,Ceerigaabo,396.0,175.0
1085,2019-01-01,Dhuusamarreeb,0.0,478.0
1086,2019-02-01,Dhuusamarreeb,0.0,278.0
1087,2019-03-01,Dhuusamarreeb,0.0,412.0
1088,2019-04-01,Dhuusamarreeb,0.0,326.0
1089,2019-05-01,Dhuusamarreeb,,
1090,2019-06-01,Dhuusamarreeb,0.0,107.0
1091,2019-07-01,Dhuusamarreeb,0.0,85.0
1092,2019-08-01,Dhuusamarreeb,0.0,107.0
1093,2019-09-01,Dhuusamarreeb,113.0,227.0
1094,2019-10-01,Dhuusamarreeb,269.0,343.0
1095,2019-11-01,Dhuusamarreeb,85.0,499.0
1096,2019-12-01,Dhuusamarreeb,86.0,364.0
1097,2020-01-01,Dhuusamarreeb,81.0,417.0
1098,2020-02-01,Dhuusamarreeb,79.0,235.0
1099,2020-03-01,Dhuusamarreeb,87.0,456.0
1100,2020-04-01,Dhuusamarreeb,0.0,83.0
1101,2020-05-01,Dhuusamarreeb,0.0,119.0
1102,2020-06-01,Dhuusamarreeb,71.0,94.0
1103,2020-07-01,Dhuusamarreeb,0.0,0.0
1104,2020-08-01,Dhuusamarreeb,2026.0,166.0
1105,2020-09-01,Dhuusamarreeb,52.0,219.0
1106,2020-10-01,Dhuusamarreeb,758.0,72.0
1107,2020-11-01,Dhuusamarreeb,405.0,92.0
1108,2020-12-01,Dhuusamarreeb,,
1109,2021-01-01,Dhuusamarreeb,613.0,175.0
1110,2021-02-01,Dhuusamarreeb,643.0,169.0
1111,2021-03-01,Dhuusamarreeb,879.0,191.0
1112,2021-04-01,Dhuusamarreeb,1046.0,348.0
1113,2021-05-01,Dhuusamarreeb,703.0,305.0
1114,2021-06-01,Dhuusamarreeb,990.0,457.0
1115,2021-07-01,Dhuusamarreeb,688.0,143.0
1116,2021-08-01,Dhuusamarreeb,275.0,165.0
1117,2021-09-01,Dhuusamarreeb,1723.0,680.0
1118,2021-10-01,Dhuusamarreeb,1126.0,1091.0
1119,2021-11-01,Dhuusamarreeb,2646.0,976.0
1120,2019-01-01,Diinsoor,30.0,60.0
1121,2019-02-01,Diinsoor,203.0,27.0
1122,2019-03-01,Diinsoor,12.0,20.0
1123,2019-04-01,Diinsoor,35.0,45.0
1124,2019-05-01,Diinsoor,0.0,10.0
1125,2019-06-01,Diinsoor,150.0,187.0
1126,2019-07-01,Diinsoor,,
1127,2019-08-01,Diinsoor,,
1128,2019-09-01,Diinsoor,277.0,137.0
1129,2019-10-01,Diinsoor,,
1130,2019-11-01,Diinsoor,0.0,573.0
1131,2019-12-01,Diinsoor,0.0,444.0
1132,2020-01-01,Diinsoor,0.0,479.0
1133,2020-02-01,Diinsoor,39.0,776.0
1134,2020-03-01,Diinsoor,132.0,419.0
1135,2020-04-01,Diinsoor,251.0,504.0
1136,2020-05-01,Diinsoor,0.0,842.0
1137,2020-06-01,Diinsoor,0.0,557.0
1138,2020-07-01,Diinsoor,0.0,0.0
1139,2020-08-01,Diinsoor,0.0,0.0
1140,2020-09-01,Diinsoor,0.0,0.0
1141,2020-10-01,Diinsoor,0.0,0.0
1142,2020-11-01,Diinsoor,0.0,0.0
1143,2020-12-01,Diinsoor,0.0,0.0
1144,2021-01-01,Diinsoor,150.0,83.0
1145,2021-02-01,Diinsoor,54.0,24.0
1146,2021-03-01,Diinsoor,54.0,13.0
1147,2021-04-01,Diinsoor,69.0,48.0
1148,2021-05-01,Diinsoor,35.0,82.0
1149,2021-06-01,Diinsoor,69.0,472.0
1150,2021-07-01,Diinsoor,48.0,242.0
1151,2021-08-01,Diinsoor,24.0,435.0
1152,2021-09-01,Diinsoor,35.0,227.0
1153,2021-10-01,Diinsoor,156.0,239.0
1154,2021-11-01,Diinsoor,145.0,204.0
1155,2019-01-01,Doolow,868.0,621.0
1156,2019-02-01,Doolow,1172.0,548.0
1157,2019-03-01,Doolow,936.0,449.0
1158,2019-04-01,Doolow,920.0,465.0
1159,2019-05-01,Doolow,695.0,384.0
1160,2019-06-01,Doolow,1235.0,769.0
1161,2019-07-01,Doolow,823.0,514.0
1162,2019-08-01,Doolow,1112.0,490.0
1163,2019-09-01,Doolow,655.0,335.0
1164,2019-10-01,Doolow,798.0,532.0
1165,2019-11-01,Doolow,1076.0,537.0
1166,2019-12-01,Doolow,898.0,530.0
1167,2020-01-01,Doolow,383.0,376.0
1168,2020-02-01,Doolow,689.0,465.0
1169,2020-03-01,Doolow,504.0,424.0
1170,2020-04-01,Doolow,653.0,497.0
1171,2020-05-01,Doolow,642.0,727.0
1172,2020-06-01,Doolow,719.0,499.0
1173,2020-07-01,Doolow,1117.0,466.0
1174,2020-08-01,Doolow,1003.0,513.0
1175,2020-09-01,Doolow,648.0,378.0
1176,2020-10-01,Doolow,836.0,500.0
1177,2020-11-01,Doolow,625.0,456.0
1178,2020-12-01,Doolow,1055.0,607.0
1179,2021-01-01,Doolow,857.0,519.0
1180,2021-02-01,Doolow,834.0,430.0
1181,2021-03-01,Doolow,1180.0,487.0
1182,2021-04-01,Doolow,1113.0,566.0
1183,2021-05-01,Doolow,933.0,479.0
1184,2021-06-01,Doolow,1222.0,607.0
1185,2021-07-01,Doolow,668.0,379.0
1186,2021-08-01,Doolow,1063.0,514.0
1187,2021-09-01,Doolow,968.0,392.0
1188,2021-10-01,Doolow,1075.0,558.0
1189,2021-11-01,Doolow,949.0,493.0
1190,2019-01-01,Eyl,152.0,220.0
1191,2019-02-01,Eyl,93.0,105.0
1192,2019-03-01,Eyl,49.0,121.0
1193,2019-04-01,Eyl,93.0,153.0
1194,2019-05-01,Eyl,402.0,200.0
1195,2019-06-01,Eyl,5.0,136.0
1196,2019-07-01,Eyl,0.0,108.0
1197,2019-08-01,Eyl,0.0,204.0
1198,2019-09-01,Eyl,0.0,158.0
1199,2019-10-01,Eyl,0.0,270.0
1200,2019-11-01,Eyl,0.0,229.0
1201,2019-12-01,Eyl,0.0,203.0
1202,2020-01-01,Eyl,0.0,169.0
1203,2020-02-01,Eyl,353.0,123.0
1204,2020-03-01,Eyl,173.0,343.0
1205,2020-04-01,Eyl,149.0,239.0
1206,2020-05-01,Eyl,134.0,344.0
1207,2020-06-01,Eyl,109.0,397.0
1208,2020-07-01,Eyl,170.0,442.0
1209,2020-08-01,Eyl,270.0,225.0
1210,2020-09-01,Eyl,218.0,440.0
1211,2020-10-01,Eyl,298.0,286.0
1212,2020-11-01,Eyl,177.0,303.0
1213,2020-12-01,Eyl,147.0,230.0
1214,2021-01-01,Eyl,120.0,204.0
1215,2021-02-01,Eyl,0.0,248.0
1216,2021-03-01,Eyl,103.0,231.0
1217,2021-04-01,Eyl,110.0,48.0
1218,2021-05-01,Eyl,142.0,100.0
1219,2021-06-01,Eyl,110.0,138.0
1220,2021-07-01,Eyl,100.0,250.0
1221,2021-08-01,Eyl,345.0,238.0
1222,2021-09-01,Eyl,0.0,362.0
1223,2021-10-01,Eyl,184.0,298.0
1224,2021-11-01,Eyl,0.0,146.0
1225,2019-01-01,Gaalkacyo,0.0,427.0
1226,2019-02-01,Gaalkacyo,0.0,301.0
1227,2019-03-01,Gaalkacyo,0.0,191.0
1228,2019-04-01,Gaalkacyo,0.0,229.0
1229,2019-05-01,Gaalkacyo,0.0,176.0
1230,2019-06-01,Gaalkacyo,0.0,270.0
1231,2019-07-01,Gaalkacyo,0.0,326.0
1232,2019-08-01,Gaalkacyo,0.0,167.0
1233,2019-09-01,Gaalkacyo,0.0,244.0
1234,2019-10-01,Gaalkacyo,0.0,382.0
1235,2019-11-01,Gaalkacyo,1325.0,378.0
1236,2019-12-01,Gaalkacyo,58.0,517.0
1237,2020-01-01,Gaalkacyo,1424.0,349.0
1238,2020-02-01,Gaalkacyo,20.0,234.0
1239,2020-03-01,Gaalkacyo,19.0,279.0
1240,2020-04-01,Gaalkacyo,107.0,306.0
1241,2020-05-01,Gaalkacyo,816.0,246.0
1242,2020-06-01,Gaalkacyo,131.0,339.0
1243,2020-07-01,Gaalkacyo,7919.0,420.0
1244,2020-08-01,Gaalkacyo,8054.0,267.0
1245,2020-09-01,Gaalkacyo,4785.0,432.0
1246,2020-10-01,Gaalkacyo,4763.0,306.0
1247,2020-11-01,Gaalkacyo,295.0,321.0
1248,2020-12-01,Gaalkacyo,3476.0,328.0
1249,2021-01-01,Gaalkacyo,4245.0,283.0
1250,2021-02-01,Gaalkacyo,406.0,518.0
1251,2021-03-01,Gaalkacyo,5484.0,521.0
1252,2021-04-01,Gaalkacyo,1208.0,366.0
1253,2021-05-01,Gaalkacyo,2985.0,539.0
1254,2021-06-01,Gaalkacyo,771.0,730.0
1255,2021-07-01,Gaalkacyo,318.0,495.0
1256,2021-08-01,Gaalkacyo,238.0,252.0
1257,2021-09-01,Gaalkacyo,2832.0,255.0
1258,2021-10-01,Gaalkacyo,5020.0,366.0
1259,2021-11-01,Gaalkacyo,774.0,625.0
1260,2019-01-01,Galdogob,0.0,81.0
1261,2019-02-01,Galdogob,0.0,43.0
1262,2019-03-01,Galdogob,0.0,103.0
1263,2019-04-01,Galdogob,0.0,78.0
1264,2019-05-01,Galdogob,0.0,82.0
1265,2019-06-01,Galdogob,0.0,113.0
1266,2019-07-01,Galdogob,0.0,125.0
1267,2019-08-01,Galdogob,0.0,92.0
1268,2019-09-01,Galdogob,0.0,76.0
1269,2019-10-01,Galdogob,0.0,92.0
1270,2019-11-01,Galdogob,0.0,114.0
1271,2019-12-01,Galdogob,0.0,134.0
1272,2020-01-01,Galdogob,0.0,82.0
1273,2020-02-01,Galdogob,0.0,50.0
1274,2020-03-01,Galdogob,0.0,78.0
1275,2020-04-01,Galdogob,0.0,22.0
1276,2020-05-01,Galdogob,0.0,84.0
1277,2020-06-01,Galdogob,0.0,55.0
1278,2020-07-01,Galdogob,0.0,74.0
1279,2020-08-01,Galdogob,75.0,60.0
1280,2020-09-01,Galdogob,106.0,83.0
1281,2020-10-01,Galdogob,169.0,78.0
1282,2020-11-01,Galdogob,189.0,80.0
1283,2020-12-01,Galdogob,0.0,55.0
1284,2021-01-01,Galdogob,103.0,103.0
1285,2021-02-01,Galdogob,173.0,62.0
1286,2021-03-01,Galdogob,243.0,103.0
1287,2021-04-01,Galdogob,488.0,81.0
1288,2021-05-01,Galdogob,194.0,118.0
1289,2021-06-01,Galdogob,139.0,99.0
1290,2021-07-01,Galdogob,293.0,87.0
1291,2021-08-01,Galdogob,170.0,109.0
1292,2021-09-01,Galdogob,260.0,173.0
1293,2021-10-01,Galdogob,148.0,135.0
1294,2021-11-01,Galdogob,144.0,124.0
1295,2019-01-01,Garbahaarey,0.0,172.0
1296,2019-02-01,Garbahaarey,95.0,162.0
1297,2019-03-01,Garbahaarey,0.0,154.0
1298,2019-04-01,Garbahaarey,121.0,39.0
1299,2019-05-01,Garbahaarey,361.0,659.0
1300,2019-06-01,Garbahaarey,269.0,506.0
1301,2019-07-01,Garbahaarey,194.0,463.0
1302,2019-08-01,Garbahaarey,117.0,604.0
1303,2019-09-01,Garbahaarey,330.0,235.0
1304,2019-10-01,Garbahaarey,210.0,271.0
1305,2019-11-01,Garbahaarey,979.0,327.0
1306,2019-12-01,Garbahaarey,0.0,172.0
1307,2020-01-01,Garbahaarey,344.0,303.0
1308,2020-02-01,Garbahaarey,23.0,185.0
1309,2020-03-01,Garbahaarey,485.0,446.0
1310,2020-04-01,Garbahaarey,160.0,293.0
1311,2020-05-01,Garbahaarey,533.0,327.0
1312,2020-06-01,Garbahaarey,106.0,288.0
1313,2020-07-01,Garbahaarey,443.0,310.0
1314,2020-08-01,Garbahaarey,266.0,309.0
1315,2020-09-01,Garbahaarey,257.0,279.0
1316,2020-10-01,Garbahaarey,275.0,290.0
1317,2020-11-01,Garbahaarey,0.0,156.0
1318,2020-12-01,Garbahaarey,,
1319,2021-01-01,Garbahaarey,,
1320,2021-02-01,Garbahaarey,,
1321,2021-03-01,Garbahaarey,644.0,421.0
1322,2021-04-01,Garbahaarey,1044.0,242.0
1323,2021-05-01,Garbahaarey,737.0,161.0
1324,2021-06-01,Garbahaarey,1620.0,436.0
1325,2021-07-01,Garbahaarey,2426.0,160.0
1326,2021-08-01,Garbahaarey,1821.0,224.0
1327,2021-09-01,Garbahaarey,550.0,193.0
1328,2021-10-01,Garbahaarey,1178.0,246.0
1329,2021-11-01,Garbahaarey,1362.0,193.0
1330,2019-01-01,Garoowe,0.0,183.0
1331,2019-02-01,Garoowe,74.0,156.0
1332,2019-03-01,Garoowe,339.0,158.0
1333,2019-04-01,Garoowe,0.0,132.0
1334,2019-05-01,Garoowe,0.0,143.0
1335,2019-06-01,Garoowe,470.0,200.0
1336,2019-07-01,Garoowe,153.0,259.0
1337,2019-08-01,Garoowe,0.0,127.0
1338,2019-09-01,Garoowe,0.0,221.0
1339,2019-10-01,Garoowe,0.0,162.0
1340,2019-11-01,Garoowe,0.0,184.0
1341,2019-12-01,Garoowe,0.0,177.0
1342,2020-01-01,Garoowe,0.0,181.0
1343,2020-02-01,Garoowe,286.0,136.0
1344,2020-03-01,Garoowe,0.0,163.0
1345,2020-04-01,Garoowe,5924.0,148.0
1346,2020-05-01,Garoowe,149.0,210.0
1347,2020-06-01,Garoowe,147.0,179.0
1348,2020-07-01,Garoowe,195.0,164.0
1349,2020-08-01,Garoowe,98.0,187.0
1350,2020-09-01,Garoowe,891.0,307.0
1351,2020-10-01,Garoowe,873.0,407.0
1352,2020-11-01,Garoowe,276.0,282.0
1353,2020-12-01,Garoowe,518.0,413.0
1354,2021-01-01,Garoowe,717.0,285.0
1355,2021-02-01,Garoowe,221.0,215.0
1356,2021-03-01,Garoowe,246.0,248.0
1357,2021-04-01,Garoowe,701.0,188.0
1358,2021-05-01,Garoowe,427.0,172.0
1359,2021-06-01,Garoowe,652.0,127.0
1360,2021-07-01,Garoowe,258.0,101.0
1361,2021-08-01,Garoowe,101.0,112.0
1362,2021-09-01,Garoowe,0.0,113.0
1363,2021-10-01,Garoowe,0.0,97.0
1364,2021-11-01,Garoowe,0.0,129.0
1365,2019-01-01,Gebiley,321.0,154.0
1366,2019-02-01,Gebiley,194.0,126.0
1367,2019-03-01,Gebiley,249.0,172.0
1368,2019-04-01,Gebiley,290.0,233.0
1369,2019-05-01,Gebiley,98.0,178.0
1370,2019-06-01,Gebiley,97.0,183.0
1371,2019-07-01,Gebiley,458.0,131.0
1372,2019-08-01,Gebiley,250.0,71.0
1373,2019-09-01,Gebiley,769.0,96.0
1374,2019-10-01,Gebiley,714.0,85.0
1375,2019-11-01,Gebiley,867.0,82.0
1376,2019-12-01,Gebiley,827.0,56.0
1377,2020-01-01,Gebiley,733.0,97.0
1378,2020-02-01,Gebiley,737.0,114.0
1379,2020-03-01,Gebiley,730.0,83.0
1380,2020-04-01,Gebiley,498.0,88.0
1381,2020-05-01,Gebiley,743.0,96.0
1382,2020-06-01,Gebiley,925.0,175.0
1383,2020-07-01,Gebiley,913.0,208.0
1384,2020-08-01,Gebiley,691.0,174.0
1385,2020-09-01,Gebiley,873.0,196.0
1386,2020-10-01,Gebiley,1085.0,188.0
1387,2020-11-01,Gebiley,1827.0,288.0
1388,2020-12-01,Gebiley,1090.0,259.0
1389,2021-01-01,Gebiley,824.0,261.0
1390,2021-02-01,Gebiley,832.0,231.0
1391,2021-03-01,Gebiley,1095.0,302.0
1392,2021-04-01,Gebiley,586.0,466.0
1393,2021-05-01,Gebiley,1168.0,555.0
1394,2021-06-01,Gebiley,1069.0,292.0
1395,2021-07-01,Gebiley,679.0,169.0
1396,2021-08-01,Gebiley,833.0,157.0
1397,2021-09-01,Gebiley,801.0,154.0
1398,2021-10-01,Gebiley,1167.0,226.0
1399,2021-11-01,Gebiley,1063.0,245.0
1400,2019-01-01,Hargeysa,634.0,476.0
1401,2019-02-01,Hargeysa,888.0,540.0
1402,2019-03-01,Hargeysa,712.0,673.0
1403,2019-04-01,Hargeysa,581.0,690.0
1404,2019-05-01,Hargeysa,366.0,542.0
1405,2019-06-01,Hargeysa,1155.0,683.0
1406,2019-07-01,Hargeysa,362.0,445.0
1407,2019-08-01,Hargeysa,544.0,400.0
1408,2019-09-01,Hargeysa,2385.0,431.0
1409,2019-10-01,Hargeysa,2099.0,369.0
1410,2019-11-01,Hargeysa,1850.0,402.0
1411,2019-12-01,Hargeysa,1910.0,415.0
1412,2020-01-01,Hargeysa,1480.0,695.0
1413,2020-02-01,Hargeysa,1570.0,624.0
1414,2020-03-01,Hargeysa,1560.0,522.0
1415,2020-04-01,Hargeysa,785.0,489.0
1416,2020-05-01,Hargeysa,1517.0,475.0
1417,2020-06-01,Hargeysa,1261.0,424.0
1418,2020-07-01,Hargeysa,1529.0,476.0
1419,2020-08-01,Hargeysa,1573.0,498.0
1420,2020-09-01,Hargeysa,1924.0,529.0
1421,2020-10-01,Hargeysa,923.0,559.0
1422,2020-11-01,Hargeysa,4129.0,563.0
1423,2020-12-01,Hargeysa,3801.0,704.0
1424,2021-01-01,Hargeysa,2651.0,781.0
1425,2021-02-01,Hargeysa,2082.0,637.0
1426,2021-03-01,Hargeysa,3035.0,489.0
1427,2021-04-01,Hargeysa,2911.0,703.0
1428,2021-05-01,Hargeysa,3125.0,794.0
1429,2021-06-01,Hargeysa,3986.0,1112.0
1430,2021-07-01,Hargeysa,2618.0,462.0
1431,2021-08-01,Hargeysa,4778.0,483.0
1432,2021-09-01,Hargeysa,3340.0,802.0
1433,2021-10-01,Hargeysa,3202.0,950.0
1434,2021-11-01,Hargeysa,2514.0,973.0
1435,2019-01-01,Hobyo,140.0,171.0
1436,2019-02-01,Hobyo,927.0,229.0
1437,2019-03-01,Hobyo,181.0,157.0
1438,2019-04-01,Hobyo,110.0,150.0
1439,2019-05-01,Hobyo,219.0,200.0
1440,2019-06-01,Hobyo,369.0,155.0
1441,2019-07-01,Hobyo,528.0,255.0
1442,2019-08-01,Hobyo,327.0,173.0
1443,2019-09-01,Hobyo,703.0,673.0
1444,2019-10-01,Hobyo,1060.0,295.0
1445,2019-11-01,Hobyo,1365.0,185.0
1446,2019-12-01,Hobyo,675.0,204.0
1447,2020-01-01,Hobyo,1149.0,268.0
1448,2020-02-01,Hobyo,148.0,161.0
1449,2020-03-01,Hobyo,1516.0,316.0
1450,2020-04-01,Hobyo,184.0,152.0
1451,2020-05-01,Hobyo,19.0,17.0
1452,2020-06-01,Hobyo,0.0,19.0
1453,2020-07-01,Hobyo,156.0,82.0
1454,2020-08-01,Hobyo,323.0,131.0
1455,2020-09-01,Hobyo,250.0,141.0
1456,2020-10-01,Hobyo,402.0,139.0
1457,2020-11-01,Hobyo,405.0,118.0
1458,2020-12-01,Hobyo,43.0,117.0
1459,2021-01-01,Hobyo,427.0,128.0
1460,2021-02-01,Hobyo,48.0,185.0
1461,2021-03-01,Hobyo,43.0,188.0
1462,2021-04-01,Hobyo,236.0,511.0
1463,2021-05-01,Hobyo,191.0,258.0
1464,2021-06-01,Hobyo,218.0,323.0
1465,2021-07-01,Hobyo,636.0,85.0
1466,2021-08-01,Hobyo,235.0,193.0
1467,2021-09-01,Hobyo,597.0,186.0
1468,2021-10-01,Hobyo,7.0,75.0
1469,2021-11-01,Hobyo,367.0,298.0
1470,2019-01-01,Iskushuban,0.0,141.0
1471,2019-02-01,Iskushuban,0.0,46.0
1472,2019-03-01,Iskushuban,0.0,145.0
1473,2019-04-01,Iskushuban,1247.0,236.0
1474,2019-05-01,Iskushuban,23.0,183.0
1475,2019-06-01,Iskushuban,14.0,67.0
1476,2019-07-01,Iskushuban,0.0,44.0
1477,2019-08-01,Iskushuban,0.0,21.0
1478,2019-09-01,Iskushuban,0.0,25.0
1479,2019-10-01,Iskushuban,0.0,44.0
1480,2019-11-01,Iskushuban,0.0,25.0
1481,2019-12-01,Iskushuban,369.0,66.0
1482,2020-01-01,Iskushuban,324.0,129.0
1483,2020-02-01,Iskushuban,2449.0,106.0
1484,2020-03-01,Iskushuban,0.0,41.0
1485,2020-04-01,Iskushuban,417.0,63.0
1486,2020-05-01,Iskushuban,0.0,76.0
1487,2020-06-01,Iskushuban,831.0,73.0
1488,2020-07-01,Iskushuban,0.0,97.0
1489,2020-08-01,Iskushuban,0.0,110.0
1490,2020-09-01,Iskushuban,0.0,132.0
1491,2020-10-01,Iskushuban,0.0,120.0
1492,2020-11-01,Iskushuban,0.0,87.0
1493,2020-12-01,Iskushuban,0.0,96.0
1494,2021-01-01,Iskushuban,766.0,89.0
1495,2021-02-01,Iskushuban,952.0,82.0
1496,2021-03-01,Iskushuban,1010.0,105.0
1497,2021-04-01,Iskushuban,343.0,108.0
1498,2021-05-01,Iskushuban,1904.0,97.0
1499,2021-06-01,Iskushuban,1069.0,74.0
1500,2021-07-01,Iskushuban,1583.0,34.0
1501,2021-08-01,Iskushuban,741.0,58.0
1502,2021-09-01,Iskushuban,676.0,36.0
1503,2021-10-01,Iskushuban,1037.0,40.0
1504,2021-11-01,Iskushuban,675.0,40.0
1505,2019-01-01,Jariiban,0.0,163.0
1506,2019-02-01,Jariiban,0.0,175.0
1507,2019-03-01,Jariiban,0.0,127.0
1508,2019-04-01,Jariiban,0.0,139.0
1509,2019-05-01,Jariiban,0.0,214.0
1510,2019-06-01,Jariiban,62.0,127.0
1511,2019-07-01,Jariiban,67.0,102.0
1512,2019-08-01,Jariiban,0.0,41.0
1513,2019-09-01,Jariiban,134.0,217.0
1514,2019-10-01,Jariiban,24.0,42.0
1515,2019-11-01,Jariiban,30.0,43.0
1516,2019-12-01,Jariiban,0.0,47.0
1517,2020-01-01,Jariiban,16.0,55.0
1518,2020-02-01,Jariiban,30.0,38.0
1519,2020-03-01,Jariiban,0.0,30.0
1520,2020-04-01,Jariiban,0.0,43.0
1521,2020-05-01,Jariiban,0.0,22.0
1522,2020-06-01,Jariiban,0.0,27.0
1523,2020-07-01,Jariiban,0.0,32.0
1524,2020-08-01,Jariiban,101.0,33.0
1525,2020-09-01,Jariiban,153.0,43.0
1526,2020-10-01,Jariiban,262.0,39.0
1527,2020-11-01,Jariiban,266.0,43.0
1528,2020-12-01,Jariiban,0.0,44.0
1529,2021-01-01,Jariiban,195.0,122.0
1530,2021-02-01,Jariiban,199.0,125.0
1531,2021-03-01,Jariiban,244.0,28.0
1532,2021-04-01,Jariiban,278.0,25.0
1533,2021-05-01,Jariiban,49.0,17.0
1534,2021-06-01,Jariiban,72.0,24.0
1535,2021-07-01,Jariiban,94.0,28.0
1536,2021-08-01,Jariiban,81.0,37.0
1537,2021-09-01,Jariiban,61.0,43.0
1538,2021-10-01,Jariiban,0.0,41.0
1539,2021-11-01,Jariiban,0.0,71.0
1540,2019-01-01,Jowhar,0.0,185.0
1541,2019-02-01,Jowhar,606.0,163.0
1542,2019-03-01,Jowhar,311.0,120.0
1543,2019-04-01,Jowhar,208.0,19.0
1544,2019-05-01,Jowhar,201.0,83.0
1545,2019-06-01,Jowhar,128.0,30.0
1546,2019-07-01,Jowhar,0.0,33.0
1547,2019-08-01,Jowhar,125.0,57.0
1548,2019-09-01,Jowhar,503.0,79.0
1549,2019-10-01,Jowhar,388.0,156.0
1550,2019-11-01,Jowhar,405.0,125.0
1551,2019-12-01,Jowhar,1448.0,387.0
1552,2020-01-01,Jowhar,447.0,253.0
1553,2020-02-01,Jowhar,688.0,556.0
1554,2020-03-01,Jowhar,551.0,462.0
1555,2020-04-01,Jowhar,666.0,583.0
1556,2020-05-01,Jowhar,279.0,466.0
1557,2020-06-01,Jowhar,264.0,950.0
1558,2020-07-01,Jowhar,321.0,648.0
1559,2020-08-01,Jowhar,730.0,383.0
1560,2020-09-01,Jowhar,978.0,210.0
1561,2020-10-01,Jowhar,0.0,130.0
1562,2020-11-01,Jowhar,0.0,330.0
1563,2020-12-01,Jowhar,0.0,622.0
1564,2021-01-01,Jowhar,0.0,430.0
1565,2021-02-01,Jowhar,0.0,922.0
1566,2021-03-01,Jowhar,0.0,460.0
1567,2021-04-01,Jowhar,0.0,670.0
1568,2021-05-01,Jowhar,107.0,1209.0
1569,2021-06-01,Jowhar,1246.0,1634.0
1570,2021-07-01,Jowhar,1231.0,716.0
1571,2021-08-01,Jowhar,17.0,691.0
1572,2021-09-01,Jowhar,479.0,505.0
1573,2021-10-01,Jowhar,0.0,499.0
1574,2021-11-01,Jowhar,263.0,601.0
1575,2019-01-01,Kismaayo,963.0,2079.0
1576,2019-02-01,Kismaayo,154.0,1284.0
1577,2019-03-01,Kismaayo,440.0,1377.0
1578,2019-04-01,Kismaayo,359.0,1030.0
1579,2019-05-01,Kismaayo,2069.0,829.0
1580,2019-06-01,Kismaayo,2258.0,1215.0
1581,2019-07-01,Kismaayo,2613.0,826.0
1582,2019-08-01,Kismaayo,1539.0,999.0
1583,2019-09-01,Kismaayo,2943.0,1221.0
1584,2019-10-01,Kismaayo,124.0,1088.0
1585,2019-11-01,Kismaayo,181.0,243.0
1586,2019-12-01,Kismaayo,525.0,779.0
1587,2020-01-01,Kismaayo,414.0,471.0
1588,2020-02-01,Kismaayo,834.0,724.0
1589,2020-03-01,Kismaayo,1335.0,1176.0
1590,2020-04-01,Kismaayo,3510.0,966.0
1591,2020-05-01,Kismaayo,565.0,940.0
1592,2020-06-01,Kismaayo,2790.0,1621.0
1593,2020-07-01,Kismaayo,981.0,879.0
1594,2020-08-01,Kismaayo,2698.0,343.0
1595,2020-09-01,Kismaayo,1461.0,358.0
1596,2020-10-01,Kismaayo,1682.0,316.0
1597,2020-11-01,Kismaayo,2134.0,393.0
1598,2020-12-01,Kismaayo,2655.0,450.0
1599,2021-01-01,Kismaayo,2756.0,561.0
1600,2021-02-01,Kismaayo,1828.0,329.0
1601,2021-03-01,Kismaayo,1894.0,428.0
1602,2021-04-01,Kismaayo,2705.0,276.0
1603,2021-05-01,Kismaayo,455.0,252.0
1604,2021-06-01,Kismaayo,510.0,1924.0
1605,2021-07-01,Kismaayo,1292.0,2524.0
1606,2021-08-01,Kismaayo,487.0,1487.0
1607,2021-09-01,Kismaayo,2028.0,1198.0
1608,2021-10-01,Kismaayo,854.0,369.0
1609,2021-11-01,Kismaayo,1072.0,355.0
1610,2019-01-01,Laas Caanood,965.0,238.0
1611,2019-02-01,Laas Caanood,1635.0,225.0
1612,2019-03-01,Laas Caanood,526.0,252.0
1613,2019-04-01,Laas Caanood,893.0,315.0
1614,2019-05-01,Laas Caanood,1602.0,263.0
1615,2019-06-01,Laas Caanood,919.0,284.0
1616,2019-07-01,Laas Caanood,1598.0,238.0
1617,2019-08-01,Laas Caanood,2019.0,325.0
1618,2019-09-01,Laas Caanood,1004.0,277.0
1619,2019-10-01,Laas Caanood,1605.0,218.0
1620,2019-11-01,Laas Caanood,1568.0,231.0
1621,2019-12-01,Laas Caanood,1605.0,173.0
1622,2020-01-01,Laas Caanood,1979.0,155.0
1623,2020-02-01,Laas Caanood,1881.0,165.0
1624,2020-03-01,Laas Caanood,1997.0,212.0
1625,2020-04-01,Laas Caanood,2189.0,200.0
1626,2020-05-01,Laas Caanood,1891.0,198.0
1627,2020-06-01,Laas Caanood,1893.0,151.0
1628,2020-07-01,Laas Caanood,1979.0,152.0
1629,2020-08-01,Laas Caanood,1974.0,170.0
1630,2020-09-01,Laas Caanood,1671.0,153.0
1631,2020-10-01,Laas Caanood,1920.0,142.0
1632,2020-11-01,Laas Caanood,1795.0,166.0
1633,2020-12-01,Laas Caanood,3354.0,167.0
1634,2021-01-01,Laas Caanood,1787.0,168.0
1635,2021-02-01,Laas Caanood,1747.0,78.0
1636,2021-03-01,Laas Caanood,2131.0,80.0
1637,2021-04-01,Laas Caanood,2549.0,64.0
1638,2021-05-01,Laas Caanood,2435.0,121.0
1639,2021-06-01,Laas Caanood,2161.0,234.0
1640,2021-07-01,Laas Caanood,1780.0,211.0
1641,2021-08-01,Laas Caanood,2261.0,181.0
1642,2021-09-01,Laas Caanood,2209.0,222.0
1643,2021-10-01,Laas Caanood,2404.0,248.0
1644,2021-11-01,Laas Caanood,329.0,224.0
1645,2019-01-01,Laasqoray,101.0,89.0
1646,2019-02-01,Laasqoray,169.0,92.0
1647,2019-03-01,Laasqoray,246.0,72.0
1648,2019-04-01,Laasqoray,249.0,103.0
1649,2019-05-01,Laasqoray,256.0,82.0
1650,2019-06-01,Laasqoray,415.0,156.0
1651,2019-07-01,Laasqoray,16.0,100.0
1652,2019-08-01,Laasqoray,102.0,37.0
1653,2019-09-01,Laasqoray,88.0,17.0
1654,2019-10-01,Laasqoray,103.0,142.0
1655,2019-11-01,Laasqoray,255.0,174.0
1656,2019-12-01,Laasqoray,110.0,167.0
1657,2020-01-01,Laasqoray,95.0,63.0
1658,2020-02-01,Laasqoray,256.0,80.0
1659,2020-03-01,Laasqoray,106.0,111.0
1660,2020-04-01,Laasqoray,86.0,135.0
1661,2020-05-01,Laasqoray,283.0,161.0
1662,2020-06-01,Laasqoray,743.0,173.0
1663,2020-07-01,Laasqoray,414.0,241.0
1664,2020-08-01,Laasqoray,0.0,180.0
1665,2020-09-01,Laasqoray,0.0,176.0
1666,2020-10-01,Laasqoray,272.0,137.0
1667,2020-11-01,Laasqoray,596.0,161.0
1668,2020-12-01,Laasqoray,348.0,194.0
1669,2021-01-01,Laasqoray,169.0,136.0
1670,2021-02-01,Laasqoray,453.0,136.0
1671,2021-03-01,Laasqoray,160.0,159.0
1672,2021-04-01,Laasqoray,201.0,258.0
1673,2021-05-01,Laasqoray,411.0,166.0
1674,2021-06-01,Laasqoray,150.0,178.0
1675,2021-07-01,Laasqoray,198.0,117.0
1676,2021-08-01,Laasqoray,147.0,129.0
1677,2021-09-01,Laasqoray,205.0,176.0
1678,2021-10-01,Laasqoray,0.0,33.0
1679,2021-11-01,Laasqoray,0.0,49.0
1680,2019-01-01,Lughaye,0.0,31.0
1681,2019-02-01,Lughaye,38.0,137.0
1682,2019-03-01,Lughaye,0.0,177.0
1683,2019-04-01,Lughaye,33.0,244.0
1684,2019-05-01,Lughaye,68.0,150.0
1685,2019-06-01,Lughaye,48.0,181.0
1686,2019-07-01,Lughaye,22.0,27.0
1687,2019-08-01,Lughaye,21.0,2.0
1688,2019-09-01,Lughaye,330.0,43.0
1689,2019-10-01,Lughaye,561.0,48.0
1690,2019-11-01,Lughaye,559.0,67.0
1691,2019-12-01,Lughaye,289.0,14.0
1692,2020-01-01,Lughaye,579.0,111.0
1693,2020-02-01,Lughaye,493.0,13.0
1694,2020-03-01,Lughaye,567.0,83.0
1695,2020-04-01,Lughaye,247.0,131.0
1696,2020-05-01,Lughaye,655.0,80.0
1697,2020-06-01,Lughaye,276.0,109.0
1698,2020-07-01,Lughaye,311.0,113.0
1699,2020-08-01,Lughaye,311.0,102.0
1700,2020-09-01,Lughaye,470.0,116.0
1701,2020-10-01,Lughaye,397.0,61.0
1702,2020-11-01,Lughaye,576.0,40.0
1703,2020-12-01,Lughaye,394.0,37.0
1704,2021-01-01,Lughaye,531.0,90.0
1705,2021-02-01,Lughaye,621.0,48.0
1706,2021-03-01,Lughaye,476.0,82.0
1707,2021-04-01,Lughaye,1000.0,71.0
1708,2021-05-01,Lughaye,545.0,57.0
1709,2021-06-01,Lughaye,312.0,105.0
1710,2021-07-01,Lughaye,671.0,217.0
1711,2021-08-01,Lughaye,801.0,226.0
1712,2021-09-01,Lughaye,888.0,31.0
1713,2021-10-01,Lughaye,390.0,47.0
1714,2021-11-01,Lughaye,537.0,40.0
1715,2019-01-01,Luuq,235.0,594.0
1716,2019-02-01,Luuq,288.0,650.0
1717,2019-03-01,Luuq,259.0,131.0
1718,2019-04-01,Luuq,401.0,283.0
1719,2019-05-01,Luuq,423.0,527.0
1720,2019-06-01,Luuq,524.0,311.0
1721,2019-07-01,Luuq,421.0,265.0
1722,2019-08-01,Luuq,376.0,120.0
1723,2019-09-01,Luuq,597.0,200.0
1724,2019-10-01,Luuq,615.0,397.0
1725,2019-11-01,Luuq,459.0,381.0
1726,2019-12-01,Luuq,364.0,478.0
1727,2020-01-01,Luuq,386.0,146.0
1728,2020-02-01,Luuq,215.0,150.0
1729,2020-03-01,Luuq,249.0,0.0
1730,2020-04-01,Luuq,417.0,55.0
1731,2020-05-01,Luuq,136.0,96.0
1732,2020-06-01,Luuq,671.0,120.0
1733,2020-07-01,Luuq,807.0,430.0
1734,2020-08-01,Luuq,478.0,356.0
1735,2020-09-01,Luuq,587.0,399.0
1736,2020-10-01,Luuq,683.0,354.0
1737,2020-11-01,Luuq,383.0,456.0
1738,2020-12-01,Luuq,487.0,464.0
1739,2021-01-01,Luuq,149.0,91.0
1740,2021-02-01,Luuq,498.0,154.0
1741,2021-03-01,Luuq,943.0,116.0
1742,2021-04-01,Luuq,577.0,155.0
1743,2021-05-01,Luuq,202.0,554.0
1744,2021-06-01,Luuq,858.0,412.0
1745,2021-07-01,Luuq,533.0,93.0
1746,2021-08-01,Luuq,235.0,123.0
1747,2021-09-01,Luuq,292.0,293.0
1748,2021-10-01,Luuq,586.0,306.0
1749,2021-11-01,Luuq,565.0,727.0
1750,2019-01-01,Marka,274.0,297.0
1751,2019-02-01,Marka,541.0,331.0
1752,2019-03-01,Marka,87.0,297.0
1753,2019-04-01,Marka,155.0,294.0
1754,2019-05-01,Marka,50.0,459.0
1755,2019-06-01,Marka,87.0,162.0
1756,2019-07-01,Marka,61.0,706.0
1757,2019-08-01,Marka,287.0,836.0
1758,2019-09-01,Marka,127.0,818.0
1759,2019-10-01,Marka,0.0,609.0
1760,2019-11-01,Marka,105.0,662.0
1761,2019-12-01,Marka,53.0,758.0
1762,2020-01-01,Marka,0.0,680.0
1763,2020-02-01,Marka,67.0,686.0
1764,2020-03-01,Marka,22.0,552.0
1765,2020-04-01,Marka,26.0,746.0
1766,2020-05-01,Marka,98.0,536.0
1767,2020-06-01,Marka,63.0,796.0
1768,2020-07-01,Marka,0.0,630.0
1769,2020-08-01,Marka,635.0,662.0
1770,2020-09-01,Marka,647.0,815.0
1771,2020-10-01,Marka,2031.0,792.0
1772,2020-11-01,Marka,1432.0,1004.0
1773,2020-12-01,Marka,3281.0,848.0
1774,2021-01-01,Marka,2271.0,910.0
1775,2021-02-01,Marka,19.0,454.0
1776,2021-03-01,Marka,22.0,793.0
1777,2021-04-01,Marka,34.0,751.0
1778,2021-05-01,Marka,14.0,487.0
1779,2021-06-01,Marka,20.0,523.0
1780,2021-07-01,Marka,55.0,499.0
1781,2021-08-01,Marka,49.0,325.0
1782,2021-09-01,Marka,61.0,348.0
1783,2021-10-01,Marka,118.0,498.0
1784,2021-11-01,Marka,127.0,469.0
1785,2019-01-01,Owdweyne,0.0,26.0
1786,2019-02-01,Owdweyne,0.0,54.0
1787,2019-03-01,Owdweyne,13.0,29.0
1788,2019-04-01,Owdweyne,30.0,39.0
1789,2019-05-01,Owdweyne,0.0,28.0
1790,2019-06-01,Owdweyne,0.0,28.0
1791,2019-07-01,Owdweyne,0.0,60.0
1792,2019-08-01,Owdweyne,0.0,25.0
1793,2019-09-01,Owdweyne,0.0,8.0
1794,2019-10-01,Owdweyne,0.0,41.0
1795,2019-11-01,Owdweyne,0.0,40.0
1796,2019-12-01,Owdweyne,0.0,25.0
1797,2020-01-01,Owdweyne,52.0,109.0
1798,2020-02-01,Owdweyne,160.0,118.0
1799,2020-03-01,Owdweyne,148.0,122.0
1800,2020-04-01,Owdweyne,85.0,101.0
1801,2020-05-01,Owdweyne,3.0,112.0
1802,2020-06-01,Owdweyne,154.0,172.0
1803,2020-07-01,Owdweyne,322.0,120.0
1804,2020-08-01,Owdweyne,2.0,53.0
1805,2020-09-01,Owdweyne,12.0,43.0
1806,2020-10-01,Owdweyne,83.0,72.0
1807,2020-11-01,Owdweyne,299.0,52.0
1808,2020-12-01,Owdweyne,580.0,61.0
1809,2021-01-01,Owdweyne,144.0,41.0
1810,2021-02-01,Owdweyne,189.0,35.0
1811,2021-03-01,Owdweyne,489.0,51.0
1812,2021-04-01,Owdweyne,437.0,37.0
1813,2021-05-01,Owdweyne,385.0,16.0
1814,2021-06-01,Owdweyne,347.0,37.0
1815,2021-07-01,Owdweyne,519.0,84.0
1816,2021-08-01,Owdweyne,721.0,95.0
1817,2021-09-01,Owdweyne,586.0,60.0
1818,2021-10-01,Owdweyne,744.0,42.0
1819,2021-11-01,Owdweyne,103.0,56.0
1820,2019-01-01,Qandala,0.0,52.0
1821,2019-02-01,Qandala,0.0,22.0
1822,2019-03-01,Qandala,,
1823,2019-04-01,Qandala,0.0,90.0
1824,2019-05-01,Qandala,0.0,156.0
1825,2019-06-01,Qandala,0.0,159.0
1826,2019-07-01,Qandala,0.0,52.0
1827,2019-08-01,Qandala,0.0,89.0
1828,2019-09-01,Qandala,0.0,67.0
1829,2019-10-01,Qandala,0.0,72.0
1830,2019-11-01,Qandala,,
1831,2019-12-01,Qandala,0.0,14.0
1832,2020-01-01,Qandala,0.0,25.0
1833,2020-02-01,Qandala,0.0,43.0
1834,2020-03-01,Qandala,0.0,38.0
1835,2020-04-01,Qandala,0.0,66.0
1836,2020-05-01,Qandala,0.0,39.0
1837,2020-06-01,Qandala,0.0,30.0
1838,2020-07-01,Qandala,0.0,33.0
1839,2020-08-01,Qandala,0.0,46.0
1840,2020-09-01,Qandala,0.0,41.0
1841,2020-10-01,Qandala,0.0,44.0
1842,2020-11-01,Qandala,0.0,41.0
1843,2020-12-01,Qandala,0.0,31.0
1844,2021-01-01,Qandala,0.0,25.0
1845,2021-02-01,Qandala,0.0,26.0
1846,2021-03-01,Qandala,0.0,23.0
1847,2021-04-01,Qandala,0.0,40.0
1848,2021-05-01,Qandala,0.0,30.0
1849,2021-06-01,Qandala,0.0,43.0
1850,2021-07-01,Qandala,0.0,19.0
1851,2021-08-01,Qandala,0.0,48.0
1852,2021-09-01,Qandala,0.0,31.0
1853,2021-10-01,Qandala,0.0,72.0
1854,2021-11-01,Qandala,0.0,53.0
1855,2019-01-01,Qardho,0.0,174.0
1856,2019-02-01,Qardho,6.0,56.0
1857,2019-03-01,Qardho,0.0,197.0
1858,2019-04-01,Qardho,1473.0,200.0
1859,2019-05-01,Qardho,78.0,140.0
1860,2019-06-01,Qardho,0.0,153.0
1861,2019-07-01,Qardho,,
1862,2019-08-01,Qardho,0.0,48.0
1863,2019-09-01,Qardho,,
1864,2019-10-01,Qardho,,
1865,2019-11-01,Qardho,,
1866,2019-12-01,Qardho,598.0,0.0
1867,2020-01-01,Qardho,0.0,147.0
1868,2020-02-01,Qardho,1908.0,39.0
1869,2020-03-01,Qardho,0.0,34.0
1870,2020-04-01,Qardho,895.0,43.0
1871,2020-05-01,Qardho,0.0,63.0
1872,2020-06-01,Qardho,1487.0,45.0
1873,2020-07-01,Qardho,0.0,36.0
1874,2020-08-01,Qardho,0.0,56.0
1875,2020-09-01,Qardho,0.0,107.0
1876,2020-10-01,Qardho,0.0,67.0
1877,2020-11-01,Qardho,0.0,65.0
1878,2020-12-01,Qardho,0.0,80.0
1879,2021-01-01,Qardho,1399.0,104.0
1880,2021-02-01,Qardho,1051.0,109.0
1881,2021-03-01,Qardho,1409.0,80.0
1882,2021-04-01,Qardho,353.0,84.0
1883,2021-05-01,Qardho,1401.0,88.0
1884,2021-06-01,Qardho,803.0,111.0
1885,2021-07-01,Qardho,0.0,69.0
1886,2021-08-01,Qardho,0.0,54.0
1887,2021-09-01,Qardho,0.0,40.0
1888,2021-10-01,Qardho,0.0,52.0
1889,2021-11-01,Qardho,0.0,54.0
1890,2019-01-01,Qansax Dheere,0.0,226.0
1891,2019-02-01,Qansax Dheere,90.0,96.0
1892,2019-03-01,Qansax Dheere,116.0,170.0
1893,2019-04-01,Qansax Dheere,224.0,2217.0
1894,2019-05-01,Qansax Dheere,179.0,322.0
1895,2019-06-01,Qansax Dheere,105.0,527.0
1896,2019-07-01,Qansax Dheere,142.0,592.0
1897,2019-08-01,Qansax Dheere,152.0,210.0
1898,2019-09-01,Qansax Dheere,126.0,161.0
1899,2019-10-01,Qansax Dheere,247.0,68.0
1900,2019-11-01,Qansax Dheere,166.0,55.0
1901,2019-12-01,Qansax Dheere,284.0,94.0
1902,2020-01-01,Qansax Dheere,127.0,66.0
1903,2020-02-01,Qansax Dheere,86.0,62.0
1904,2020-03-01,Qansax Dheere,63.0,26.0
1905,2020-04-01,Qansax Dheere,138.0,89.0
1906,2020-05-01,Qansax Dheere,163.0,104.0
1907,2020-06-01,Qansax Dheere,198.0,92.0
1908,2020-07-01,Qansax Dheere,90.0,100.0
1909,2020-08-01,Qansax Dheere,286.0,96.0
1910,2020-09-01,Qansax Dheere,107.0,91.0
1911,2020-10-01,Qansax Dheere,,
1912,2020-11-01,Qansax Dheere,,
1913,2020-12-01,Qansax Dheere,116.0,77.0
1914,2021-01-01,Qansax Dheere,317.0,136.0
1915,2021-02-01,Qansax Dheere,143.0,54.0
1916,2021-03-01,Qansax Dheere,164.0,80.0
1917,2021-04-01,Qansax Dheere,126.0,58.0
1918,2021-05-01,Qansax Dheere,231.0,62.0
1919,2021-06-01,Qansax Dheere,712.0,213.0
1920,2021-07-01,Qansax Dheere,563.0,224.0
1921,2021-08-01,Qansax Dheere,1000.0,550.0
1922,2021-09-01,Qansax Dheere,310.0,244.0
1923,2021-10-01,Qansax Dheere,264.0,141.0
1924,2021-11-01,Qansax Dheere,409.0,754.0
1925,2019-01-01,Qoryooley,0.0,147.0
1926,2019-02-01,Qoryooley,0.0,149.0
1927,2019-03-01,Qoryooley,0.0,157.0
1928,2019-04-01,Qoryooley,0.0,151.0
1929,2019-05-01,Qoryooley,0.0,126.0
1930,2019-06-01,Qoryooley,0.0,40.0
1931,2019-07-01,Qoryooley,0.0,111.0
1932,2019-08-01,Qoryooley,0.0,437.0
1933,2019-09-01,Qoryooley,0.0,232.0
1934,2019-10-01,Qoryooley,0.0,175.0
1935,2019-11-01,Qoryooley,0.0,138.0
1936,2019-12-01,Qoryooley,0.0,101.0
1937,2020-01-01,Qoryooley,111.0,156.0
1938,2020-02-01,Qoryooley,190.0,201.0
1939,2020-03-01,Qoryooley,129.0,167.0
1940,2020-04-01,Qoryooley,44.0,173.0
1941,2020-05-01,Qoryooley,32.0,222.0
1942,2020-06-01,Qoryooley,0.0,80.0
1943,2020-07-01,Qoryooley,0.0,205.0
1944,2020-08-01,Qoryooley,0.0,217.0
1945,2020-09-01,Qoryooley,0.0,264.0
1946,2020-10-01,Qoryooley,0.0,149.0
1947,2020-11-01,Qoryooley,0.0,219.0
1948,2020-12-01,Qoryooley,0.0,133.0
1949,2021-01-01,Qoryooley,54.0,286.0
1950,2021-02-01,Qoryooley,86.0,201.0
1951,2021-03-01,Qoryooley,80.0,148.0
1952,2021-04-01,Qoryooley,7.0,137.0
1953,2021-05-01,Qoryooley,41.0,150.0
1954,2021-06-01,Qoryooley,87.0,181.0
1955,2021-07-01,Qoryooley,0.0,127.0
1956,2021-08-01,Qoryooley,99.0,112.0
1957,2021-09-01,Qoryooley,78.0,161.0
1958,2021-10-01,Qoryooley,0.0,184.0
1959,2021-11-01,Qoryooley,0.0,166.0
1960,2019-01-01,Rab Dhuure,78.0,237.0
1961,2019-02-01,Rab Dhuure,75.0,0.0
1962,2019-03-01,Rab Dhuure,64.0,0.0
1963,2019-04-01,Rab Dhuure,58.0,327.0
1964,2019-05-01,Rab Dhuure,64.0,200.0
1965,2019-06-01,Rab Dhuure,62.0,86.0
1966,2019-07-01,Rab Dhuure,60.0,223.0
1967,2019-08-01,Rab Dhuure,57.0,147.0
1968,2019-09-01,Rab Dhuure,58.0,439.0
1969,2019-10-01,Rab Dhuure,56.0,282.0
1970,2019-11-01,Rab Dhuure,111.0,371.0
1971,2019-12-01,Rab Dhuure,200.0,406.0
1972,2020-01-01,Rab Dhuure,186.0,255.0
1973,2020-02-01,Rab Dhuure,280.0,270.0
1974,2020-03-01,Rab Dhuure,194.0,265.0
1975,2020-04-01,Rab Dhuure,134.0,240.0
1976,2020-05-01,Rab Dhuure,0.0,49.0
1977,2020-06-01,Rab Dhuure,0.0,318.0
1978,2020-07-01,Rab Dhuure,0.0,181.0
1979,2020-08-01,Rab Dhuure,0.0,163.0
1980,2020-09-01,Rab Dhuure,0.0,157.0
1981,2020-10-01,Rab Dhuure,0.0,199.0
1982,2020-11-01,Rab Dhuure,0.0,146.0
1983,2020-12-01,Rab Dhuure,0.0,181.0
1984,2021-01-01,Rab Dhuure,98.0,225.0
1985,2021-02-01,Rab Dhuure,78.0,244.0
1986,2021-03-01,Rab Dhuure,82.0,198.0
1987,2021-04-01,Rab Dhuure,151.0,242.0
1988,2021-05-01,Rab Dhuure,40.0,205.0
1989,2021-06-01,Rab Dhuure,181.0,78.0
1990,2021-07-01,Rab Dhuure,119.0,62.0
1991,2021-08-01,Rab Dhuure,145.0,86.0
1992,2021-09-01,Rab Dhuure,74.0,128.0
1993,2021-10-01,Rab Dhuure,138.0,138.0
1994,2021-11-01,Rab Dhuure,128.0,128.0
1995,2019-01-01,Sheikh,15.0,17.0
1996,2019-02-01,Sheikh,12.0,15.0
1997,2019-03-01,Sheikh,29.0,6.0
1998,2019-04-01,Sheikh,27.0,4.0
1999,2019-05-01,Sheikh,31.0,5.0
2000,2019-06-01,Sheikh,21.0,7.0
2001,2019-07-01,Sheikh,17.0,19.0
2002,2019-08-01,Sheikh,17.0,7.0
2003,2019-09-01,Sheikh,0.0,14.0
2004,2019-10-01,Sheikh,72.0,6.0
2005,2019-11-01,Sheikh,47.0,4.0
2006,2019-12-01,Sheikh,11.0,6.0
2007,2020-01-01,Sheikh,24.0,4.0
2008,2020-02-01,Sheikh,24.0,3.0
2009,2020-03-01,Sheikh,42.0,6.0
2010,2020-04-01,Sheikh,42.0,5.0
2011,2020-05-01,Sheikh,24.0,7.0
2012,2020-06-01,Sheikh,0.0,6.0
2013,2020-07-01,Sheikh,0.0,5.0
2014,2020-08-01,Sheikh,0.0,7.0
2015,2020-09-01,Sheikh,0.0,10.0
2016,2020-10-01,Sheikh,0.0,11.0
2017,2020-11-01,Sheikh,66.0,8.0
2018,2020-12-01,Sheikh,464.0,0.0
2019,2021-01-01,Sheikh,178.0,0.0
2020,2021-02-01,Sheikh,108.0,0.0
2021,2021-03-01,Sheikh,39.0,0.0
2022,2021-04-01,Sheikh,537.0,0.0
2023,2021-05-01,Sheikh,13.0,0.0
2024,2021-06-01,Sheikh,22.0,0.0
2025,2021-07-01,Sheikh,359.0,0.0
2026,2021-08-01,Sheikh,284.0,0.0
2027,2021-09-01,Sheikh,18.0,0.0
2028,2021-10-01,Sheikh,28.0,0.0
2029,2021-11-01,Sheikh,46.0,0.0
2030,2019-01-01,Taleex,22.0,48.0
2031,2019-02-01,Taleex,39.0,37.0
2032,2019-03-01,Taleex,51.0,41.0
2033,2019-04-01,Taleex,43.0,40.0
2034,2019-05-01,Taleex,43.0,35.0
2035,2019-06-01,Taleex,36.0,47.0
2036,2019-07-01,Taleex,2.0,47.0
2037,2019-08-01,Taleex,19.0,29.0
2038,2019-09-01,Taleex,30.0,63.0
2039,2019-10-01,Taleex,12.0,29.0
2040,2019-11-01,Taleex,31.0,41.0
2041,2019-12-01,Taleex,50.0,52.0
2042,2020-01-01,Taleex,8.0,56.0
2043,2020-02-01,Taleex,12.0,61.0
2044,2020-03-01,Taleex,73.0,140.0
2045,2020-04-01,Taleex,47.0,50.0
2046,2020-05-01,Taleex,38.0,44.0
2047,2020-06-01,Taleex,56.0,26.0
2048,2020-07-01,Taleex,34.0,31.0
2049,2020-08-01,Taleex,13.0,30.0
2050,2020-09-01,Taleex,0.0,39.0
2051,2020-10-01,Taleex,0.0,44.0
2052,2020-11-01,Taleex,3.0,57.0
2053,2020-12-01,Taleex,0.0,65.0
2054,2021-01-01,Taleex,32.0,47.0
2055,2021-02-01,Taleex,11.0,13.0
2056,2021-03-01,Taleex,23.0,6.0
2057,2021-04-01,Taleex,27.0,15.0
2058,2021-05-01,Taleex,310.0,17.0
2059,2021-06-01,Taleex,575.0,89.0
2060,2021-07-01,Taleex,46.0,66.0
2061,2021-08-01,Taleex,143.0,49.0
2062,2021-09-01,Taleex,198.0,61.0
2063,2021-10-01,Taleex,185.0,61.0
2064,2021-11-01,Taleex,136.0,72.0
2065,2019-01-01,Tayeeglow,0.0,44.0
2066,2019-02-01,Tayeeglow,0.0,35.0
2067,2019-03-01,Tayeeglow,0.0,31.0
2068,2019-04-01,Tayeeglow,0.0,37.0
2069,2019-05-01,Tayeeglow,0.0,36.0
2070,2019-06-01,Tayeeglow,0.0,56.0
2071,2019-07-01,Tayeeglow,0.0,82.0
2072,2019-08-01,Tayeeglow,0.0,61.0
2073,2019-09-01,Tayeeglow,193.0,57.0
2074,2019-10-01,Tayeeglow,186.0,58.0
2075,2019-11-01,Tayeeglow,260.0,76.0
2076,2019-12-01,Tayeeglow,253.0,54.0
2077,2020-01-01,Tayeeglow,273.0,59.0
2078,2020-02-01,Tayeeglow,246.0,62.0
2079,2020-03-01,Tayeeglow,232.0,52.0
2080,2020-04-01,Tayeeglow,283.0,76.0
2081,2020-05-01,Tayeeglow,247.0,61.0
2082,2020-06-01,Tayeeglow,278.0,67.0
2083,2020-07-01,Tayeeglow,240.0,80.0
2084,2020-08-01,Tayeeglow,204.0,64.0
2085,2020-09-01,Tayeeglow,267.0,57.0
2086,2020-10-01,Tayeeglow,227.0,59.0
2087,2020-11-01,Tayeeglow,214.0,50.0
2088,2020-12-01,Tayeeglow,256.0,58.0
2089,2021-01-01,Tayeeglow,281.0,66.0
2090,2021-02-01,Tayeeglow,296.0,79.0
2091,2021-03-01,Tayeeglow,278.0,75.0
2092,2021-04-01,Tayeeglow,237.0,53.0
2093,2021-05-01,Tayeeglow,299.0,66.0
2094,2021-06-01,Tayeeglow,181.0,76.0
2095,2021-07-01,Tayeeglow,246.0,73.0
2096,2021-08-01,Tayeeglow,355.0,88.0
2097,2021-09-01,Tayeeglow,,
2098,2021-10-01,Tayeeglow,,
2099,2021-11-01,Tayeeglow,,
2100,2019-01-01,Waajid,0.0,288.0
2101,2019-02-01,Waajid,63.0,110.0
2102,2019-03-01,Waajid,189.0,57.0
2103,2019-04-01,Waajid,225.0,370.0
2104,2019-05-01,Waajid,483.0,329.0
2105,2019-06-01,Waajid,381.0,373.0
2106,2019-07-01,Waajid,305.0,289.0
2107,2019-08-01,Waajid,407.0,338.0
2108,2019-09-01,Waajid,402.0,385.0
2109,2019-10-01,Waajid,0.0,114.0
2110,2019-11-01,Waajid,0.0,272.0
2111,2019-12-01,Waajid,326.0,313.0
2112,2020-01-01,Waajid,0.0,271.0
2113,2020-02-01,Waajid,134.0,604.0
2114,2020-03-01,Waajid,1022.0,262.0
2115,2020-04-01,Waajid,13.0,361.0
2116,2020-05-01,Waajid,30.0,192.0
2117,2020-06-01,Waajid,992.0,309.0
2118,2020-07-01,Waajid,0.0,234.0
2119,2020-08-01,Waajid,174.0,218.0
2120,2020-09-01,Waajid,598.0,325.0
2121,2020-10-01,Waajid,293.0,355.0
2122,2020-11-01,Waajid,257.0,368.0
2123,2020-12-01,Waajid,450.0,287.0
2124,2021-01-01,Waajid,401.0,358.0
2125,2021-02-01,Waajid,389.0,399.0
2126,2021-03-01,Waajid,466.0,409.0
2127,2021-04-01,Waajid,424.0,413.0
2128,2021-05-01,Waajid,99.0,529.0
2129,2021-06-01,Waajid,869.0,468.0
2130,2021-07-01,Waajid,327.0,618.0
2131,2021-08-01,Waajid,328.0,396.0
2132,2021-09-01,Waajid,124.0,206.0
2133,2021-10-01,Waajid,,
2134,2021-11-01,Waajid,1115.0,350.0
2135,2019-01-01,Wanla Weyn,24.0,301.0
2136,2019-02-01,Wanla Weyn,20.0,119.0
2137,2019-03-01,Wanla Weyn,87.0,213.0
2138,2019-04-01,Wanla Weyn,78.0,158.0
2139,2019-05-01,Wanla Weyn,85.0,361.0
2140,2019-06-01,Wanla Weyn,129.0,443.0
2141,2019-07-01,Wanla Weyn,386.0,465.0
2142,2019-08-01,Wanla Weyn,308.0,257.0
2143,2019-09-01,Wanla Weyn,320.0,403.0
2144,2019-10-01,Wanla Weyn,300.0,302.0
2145,2019-11-01,Wanla Weyn,240.0,250.0
2146,2019-12-01,Wanla Weyn,567.0,186.0
2147,2020-01-01,Wanla Weyn,285.0,175.0
2148,2020-02-01,Wanla Weyn,107.0,248.0
2149,2020-03-01,Wanla Weyn,88.0,165.0
2150,2020-04-01,Wanla Weyn,134.0,201.0
2151,2020-05-01,Wanla Weyn,439.0,231.0
2152,2020-06-01,Wanla Weyn,441.0,526.0
2153,2020-07-01,Wanla Weyn,361.0,393.0
2154,2020-08-01,Wanla Weyn,340.0,464.0
2155,2020-09-01,Wanla Weyn,359.0,438.0
2156,2020-10-01,Wanla Weyn,429.0,333.0
2157,2020-11-01,Wanla Weyn,498.0,430.0
2158,2020-12-01,Wanla Weyn,426.0,229.0
2159,2021-01-01,Wanla Weyn,354.0,442.0
2160,2021-02-01,Wanla Weyn,258.0,243.0
2161,2021-03-01,Wanla Weyn,448.0,837.0
2162,2021-04-01,Wanla Weyn,1168.0,465.0
2163,2021-05-01,Wanla Weyn,838.0,312.0
2164,2021-06-01,Wanla Weyn,0.0,387.0
2165,2021-07-01,Wanla Weyn,257.0,244.0
2166,2021-08-01,Wanla Weyn,491.0,251.0
2167,2021-09-01,Wanla Weyn,620.0,379.0
2168,2021-10-01,Wanla Weyn,310.0,386.0
2169,2021-11-01,Wanla Weyn,596.0,384.0
2170,2019-01-01,Xarardheere,0.0,75.0
2171,2019-02-01,Xarardheere,0.0,90.0
2172,2019-03-01,Xarardheere,0.0,65.0
2173,2019-04-01,Xarardheere,0.0,71.0
2174,2019-05-01,Xarardheere,0.0,69.0
2175,2019-06-01,Xarardheere,0.0,72.0
2176,2019-07-01,Xarardheere,,
2177,2019-08-01,Xarardheere,,
2178,2019-09-01,Xarardheere,0.0,0.0
2179,2019-10-01,Xarardheere,0.0,61.0
2180,2019-11-01,Xarardheere,0.0,83.0
2181,2019-12-01,Xarardheere,0.0,67.0
2182,2020-01-01,Xarardheere,0.0,41.0
2183,2020-02-01,Xarardheere,0.0,36.0
2184,2020-03-01,Xarardheere,0.0,49.0
2185,2020-04-01,Xarardheere,0.0,27.0
2186,2020-05-01,Xarardheere,0.0,104.0
2187,2020-06-01,Xarardheere,0.0,38.0
2188,2020-07-01,Xarardheere,0.0,71.0
2189,2020-08-01,Xarardheere,120.0,96.0
2190,2020-09-01,Xarardheere,149.0,78.0
2191,2020-10-01,Xarardheere,147.0,68.0
2192,2020-11-01,Xarardheere,129.0,87.0
2193,2020-12-01,Xarardheere,0.0,64.0
2194,2021-01-01,Xarardheere,98.0,62.0
2195,2021-02-01,Xarardheere,0.0,86.0
2196,2021-03-01,Xarardheere,0.0,76.0
2197,2021-04-01,Xarardheere,0.0,62.0
2198,2021-05-01,Xarardheere,0.0,71.0
2199,2021-06-01,Xarardheere,0.0,57.0
2200,2021-07-01,Xarardheere,149.0,73.0
2201,2021-08-01,Xarardheere,0.0,63.0
2202,2021-09-01,Xarardheere,0.0,64.0
2203,2021-10-01,Xarardheere,,
2204,2021-11-01,Xarardheere,,
2205,2019-01-01,Xudun,0.0,64.0
2206,2019-02-01,Xudun,0.0,70.0
2207,2019-03-01,Xudun,0.0,43.0
2208,2019-04-01,Xudun,0.0,58.0
2209,2019-05-01,Xudun,0.0,59.0
2210,2019-06-01,Xudun,0.0,60.0
2211,2019-07-01,Xudun,0.0,70.0
2212,2019-08-01,Xudun,0.0,100.0
2213,2019-09-01,Xudun,0.0,107.0
2214,2019-10-01,Xudun,0.0,97.0
2215,2019-11-01,Xudun,0.0,118.0
2216,2019-12-01,Xudun,0.0,31.0
2217,2020-01-01,Xudun,295.0,47.0
2218,2020-02-01,Xudun,316.0,55.0
2219,2020-03-01,Xudun,5.0,65.0
2220,2020-04-01,Xudun,9.0,110.0
2221,2020-05-01,Xudun,0.0,66.0
2222,2020-06-01,Xudun,295.0,64.0
2223,2020-07-01,Xudun,118.0,65.0
2224,2020-08-01,Xudun,40.0,59.0
2225,2020-09-01,Xudun,0.0,78.0
2226,2020-10-01,Xudun,42.0,80.0
2227,2020-11-01,Xudun,841.0,83.0
2228,2020-12-01,Xudun,613.0,96.0
2229,2021-01-01,Xudun,922.0,100.0
2230,2021-02-01,Xudun,112.0,93.0
2231,2021-03-01,Xudun,128.0,76.0
2232,2021-04-01,Xudun,62.0,76.0
2233,2021-05-01,Xudun,230.0,28.0
2234,2021-06-01,Xudun,362.0,27.0
2235,2021-07-01,Xudun,175.0,39.0
2236,2021-08-01,Xudun,163.0,35.0
2237,2021-09-01,Xudun,97.0,14.0
2238,2021-10-01,Xudun,152.0,15.0
2239,2021-11-01,Xudun,60.0,48.0
2240,2019-01-01,Xudur,730.0,1151.0
2241,2019-02-01,Xudur,693.0,886.0
2242,2019-03-01,Xudur,467.0,388.0
2243,2019-04-01,Xudur,748.0,527.0
2244,2019-05-01,Xudur,729.0,717.0
2245,2019-06-01,Xudur,665.0,931.0
2246,2019-07-01,Xudur,1112.0,872.0
2247,2019-08-01,Xudur,1007.0,568.0
2248,2019-09-01,Xudur,1626.0,877.0
2249,2019-10-01,Xudur,1326.0,975.0
2250,2019-11-01,Xudur,1240.0,1067.0
2251,2019-12-01,Xudur,1395.0,969.0
2252,2020-01-01,Xudur,1008.0,859.0
2253,2020-02-01,Xudur,1160.0,868.0
2254,2020-03-01,Xudur,934.0,899.0
2255,2020-04-01,Xudur,548.0,734.0
2256,2020-05-01,Xudur,387.0,648.0
2257,2020-06-01,Xudur,514.0,946.0
2258,2020-07-01,Xudur,453.0,793.0
2259,2020-08-01,Xudur,494.0,984.0
2260,2020-09-01,Xudur,391.0,958.0
2261,2020-10-01,Xudur,482.0,686.0
2262,2020-11-01,Xudur,816.0,778.0
2263,2020-12-01,Xudur,788.0,721.0
2264,2021-01-01,Xudur,996.0,817.0
2265,2021-02-01,Xudur,1296.0,745.0
2266,2021-03-01,Xudur,1058.0,829.0
2267,2021-04-01,Xudur,896.0,750.0
2268,2021-05-01,Xudur,1051.0,1018.0
2269,2021-06-01,Xudur,1009.0,795.0
2270,2021-07-01,Xudur,923.0,839.0
2271,2021-08-01,Xudur,1183.0,645.0
2272,2021-09-01,Xudur,1698.0,573.0
2273,2021-10-01,Xudur,1231.0,587.0
2274,2021-11-01,Xudur,1006.0,610.0
2275,2019-01-01,Zeylac,84.0,0.0
2276,2019-02-01,Zeylac,56.0,0.0
2277,2019-03-01,Zeylac,4.0,0.0
2278,2019-04-01,Zeylac,24.0,9.0
2279,2019-05-01,Zeylac,212.0,36.0
2280,2019-06-01,Zeylac,147.0,35.0
2281,2019-07-01,Zeylac,54.0,25.0
2282,2019-08-01,Zeylac,292.0,113.0
2283,2019-09-01,Zeylac,154.0,144.0
2284,2019-10-01,Zeylac,118.0,88.0
2285,2019-11-01,Zeylac,469.0,126.0
2286,2019-12-01,Zeylac,398.0,109.0
2287,2020-01-01,Zeylac,263.0,135.0
2288,2020-02-01,Zeylac,431.0,133.0
2289,2020-03-01,Zeylac,229.0,109.0
2290,2020-04-01,Zeylac,267.0,239.0
2291,2020-05-01,Zeylac,145.0,130.0
2292,2020-06-01,Zeylac,278.0,130.0
2293,2020-07-01,Zeylac,388.0,106.0
2294,2020-08-01,Zeylac,222.0,123.0
2295,2020-09-01,Zeylac,269.0,162.0
2296,2020-10-01,Zeylac,502.0,176.0
2297,2020-11-01,Zeylac,198.0,134.0
2298,2020-12-01,Zeylac,204.0,52.0
2299,2021-01-01,Zeylac,322.0,58.0
2300,2021-02-01,Zeylac,595.0,67.0
2301,2021-03-01,Zeylac,290.0,89.0
2302,2021-04-01,Zeylac,655.0,100.0
2303,2021-05-01,Zeylac,328.0,51.0
2304,2021-06-01,Zeylac,250.0,89.0
2305,2021-07-01,Zeylac,173.0,218.0
2306,2021-08-01,Zeylac,427.0,318.0
2307,2021-09-01,Zeylac,563.0,132.0
2308,2021-10-01,Zeylac,606.0,56.0
2309,2021-11-01,Zeylac,299.0,52.0
