,date,district,Unnamed: 0,prevalence,next_prevalence,prevalence_6lag,ndvi,ipc,population,month,district_encoded,increase,Cowpea,Maize,Sorghum,crop
0,2018-01-01,Burco,74,0.2028,0.2211366753028379,0.3359409653359994,0.185,0.05,534884.8949999999,1,21,True,456.46104071993886,272.8583659298774,272.8583659298774,334.0592575265645
1,2018-01-01,Xudur,75,0.4862,0.4689020964811947,0.4862,0.2483333333333333,0.14,113853.105,1,77,False,50.0,500.0,500.0,350.0
2,2018-01-01,Cadale,77,0.351,0.2829201738380863,0.3691999999999999,0.2266666666666666,0.0,48461.80499999999,1,27,False,12.0,30.0,30.0,24.0
3,2018-01-01,Qoryooley,78,0.351,0.4363798525409664,0.3691999999999998,0.3466666666666667,0.09,196309.485,1,65,True,350.0,600.0,600.0,516.6666666666666
4,2018-01-01,Baardheere,79,0.3925999999999999,0.2972606382668021,0.4316,0.2933333333333333,0.0,170132.26499999998,1,3,False,28.0,1.68,1.68,10.453333333333333
5,2018-01-01,Luuq,83,0.3926,0.4123022966960434,0.4315999999999998,0.1883333333333333,0.0,100476.765,1,59,True,18.0,100.0,100.0,72.66666666666667
6,2018-01-01,Bu'aale,84,0.3925999999999999,0.4125181113098476,0.4316,0.4233333333333333,0.0,93543.3,1,19,True,378.0,200.0,200.0,259.3333333333333
7,2018-01-01,Marka,85,0.351,0.3971406259324205,0.3692,0.3116666666666667,0.03,282222.765,1,60,True,151.4,500.0,500.0,383.8
8,2018-01-01,Bulo Burto,89,0.3926,0.3908949717937982,0.429,0.2733333333333333,0.25,181435.5,1,20,False,0.0,281.012,281.012,187.34133333333332
9,2018-01-01,Owdweyne,90,0.2028,0.2303423878316652,0.3406,0.15,0.3,78004.845,1,61,True,7.1994800607777725,232.3408691612116,232.3408691612116,157.293739461067
10,2018-01-01,Badhaadhe,93,0.3926,0.3711192650605567,0.4316000000000001,0.5016666666666667,0.09,50723.28,1,4,False,1.0,269.6342426453924,269.6342426453924,180.0894950969283
11,2018-01-01,Qansax Dheere,94,0.2886,0.5092847348131929,0.3588,0.2666666666666666,0.09,123818.085,1,63,True,196.0,6.0,6.0,69.33333333333333
12,2018-01-01,Buur Hakaba,96,0.2886,0.4846909879180319,0.3588,0.3633333333333333,0.1,165968.46,1,24,True,125.0,5.04,5.04,45.02666666666667
13,2018-01-01,Kurtunwaarey,97,0.3510000000000001,0.4461179568825337,0.3691999999999999,0.365,0.18,95730.255,1,54,True,112.0,277.70091064172817,277.70091064172817,222.46727376115211
14,2018-01-01,Kismaayo,99,0.3925999999999999,0.4685498464822668,0.4255768922026957,0.3433333333333333,0.17,218785.545,1,53,True,102.0,299.76255558938647,299.76255558938647,233.84170372625763
15,2018-01-01,Adan Yabaal,101,0.3510000000000001,0.2789393906990287,0.3692,0.225,0.0,65262.95999999999,1,0,False,60.0,60.0,60.0,60.0
16,2018-01-01,Doolow,105,0.3926,0.5392512067568789,0.4356257436740676,0.2016666666666666,0.0,42455.7,1,38,True,6.0,30.0,30.0,22.0
17,2018-01-01,Gebiley,106,0.1975999999999999,0.2443191130723181,0.338,0.2083333333333333,0.13,146038.5,1,44,True,138.52953000546535,279.48670089388025,279.48670089388025,232.5009772644086
18,2018-01-01,Diinsoor,107,0.2886000000000001,0.4769534198876959,0.3588,0.345,0.09,100108.305,1,37,True,199.0,5.32,5.32,69.88
19,2018-01-01,Hargeysa,108,0.1975999999999999,0.2386485041615721,0.3425891325819686,0.0,0.14,1027923.705,1,45,True,783.8522707654718,254.8700266615473,254.8700266615473,431.19744136285544
20,2018-01-01,Afgooye,110,0.351,0.384859060068862,0.3692,0.2733333333333334,0.0,309683.38499999995,1,1,True,1520.0,4.8,4.8,509.8666666666666
21,2018-01-01,Hobyo,111,0.4003999999999999,0.3354148794445133,0.4732,0.1366666666666667,0.25,142717.185,1,46,False,300.0,72.0,72.0,148.0
22,2018-01-01,Jalalaqsi,116,0.3925999999999999,0.3858321287337016,0.4290000000000001,0.2783333333333333,0.16,76346.775,1,48,False,0.0,785.0,785.0,523.3333333333334
23,2018-01-01,Ceel Dheer,117,0.4211999999999999,0.3142399717243435,0.52,0.2066666666666666,0.19,130366.52999999998,1,33,False,1.56,240.0,240.0,160.52
24,2018-01-01,Jamaame,118,0.3926,0.4077438698894172,0.4316000000000001,0.3333333333333333,0.25,169536.10499999998,1,49,True,313.0,321.5875635509798,321.5875635509798,318.7250423673199
25,2018-01-01,Afmadow,122,0.3925999999999999,0.3680877161916911,0.4206678541919456,0.3216666666666666,0.01,67386.78,1,2,False,24.0,287.6494419338111,287.6494419338111,199.76629462254073
26,2018-01-01,Jilib,123,0.3925999999999999,0.4060356888423295,0.4316000000000001,0.3916666666666666,0.09,103739.085,1,51,True,488.0,286.53022047267024,286.53022047267024,353.6868136484468
27,2018-01-01,Jowhar,125,0.351,0.3830459721840857,0.3692000000000001,0.26,0.0,279295.785,1,52,True,450.0,1.925,1.925,151.28333333333333
28,2018-01-01,Belet Xaawo,130,0.3926,0.3942363701220913,0.4316000000000001,0.2699999999999999,0.0,89717.93999999997,1,15,True,0.0,30.0,30.0,20.0
29,2018-01-01,Tayeeglow,132,0.4861999999999999,0.3502607787971933,0.4861999999999999,0.3116666666666667,0.08,99175.77,1,72,False,60.0,560.0,560.0,393.3333333333333
30,2018-01-01,Baraawe,134,0.3510000000000001,0.3785774588022779,0.3692000000000001,0.27,0.29,69703.11,1,11,True,60.0,287.00754968462485,287.00754968462485,211.33836645641657
31,2018-01-01,Belet Weyne,135,0.3926,0.4637281725694139,0.429,0.2283333333333333,0.24,281126.69999999995,1,13,True,0.0,760.0,760.0,506.6666666666667
32,2018-01-01,Sheikh,136,0.2028,0.2505864840856458,0.3406,0.1816666666666666,0.07,62404.28999999999,1,70,True,23.201040947490696,212.75327055564708,212.75327055564708,149.56919401959496
33,2018-01-01,Xarardheere,138,0.4004000000000001,0.3447106682656731,0.4732000000000002,0.1816666666666666,0.09,278193.50999999995,1,75,False,1.32,240.0,240.0,160.44
34,2018-01-01,Borama,143,0.1690000000000001,0.2406251937071188,0.3795999999999999,0.2016666666666666,0.04,491879.61,1,17,True,415.4017186964031,262.4691029676079,262.4691029676079,313.446641543873
35,2018-01-01,Balcad,144,0.351,0.3580405856281527,0.3692,0.29,0.0,141077.745,1,8,True,360.0,1.225,1.225,120.81666666666666
36,2018-01-01,Waajid,146,0.4861999999999999,0.4748949097855825,0.4861999999999999,0.25,0.11,85276.75499999999,1,73,False,15.0,140.0,140.0,98.33333333333333
37,2018-01-01,Sablaale,147,0.3510000000000001,0.4309610549243231,0.3692,0.4116666666666666,0.11,62978.715,1,69,True,100.0,243.983549367322,243.983549367322,195.98903291154798
38,2018-07-01,Tayeeglow,148,0.3502607787971933,0.4731941786256158,0.4861999999999999,0.3766666666666667,0.06,62826.76428427834,7,72,True,24.0,576.0,576.0,392.0
39,2018-07-01,Jilib,149,0.4060356888423295,0.3157056116630282,0.3925999999999999,0.4666666666666666,0.08,177363.81212203606,7,51,False,290.0,343.71692088668937,343.71692088668937,325.81128059112626
40,2018-07-01,Baraawe,151,0.3785774588022779,0.439931798183591,0.3510000000000001,0.3266666666666666,0.0,71451.00452711528,7,11,True,140.0,290.8098090918665,290.8098090918665,240.539872727911
41,2018-07-01,Afmadow,153,0.3680877161916911,0.3567363956871535,0.3925999999999999,0.4283333333333333,0.05,180756.29518407176,7,2,False,33.0,299.6730239876732,299.6730239876732,210.78201599178215
42,2018-07-01,Borama,154,0.2406251937071188,0.204456465641011,0.1690000000000001,0.1983333333333333,0.16,397759.659833392,7,17,False,531.1497617640422,2.0,2.0,178.3832539213474
43,2018-07-01,Kismaayo,157,0.4685498464822668,0.3096236699207461,0.3925999999999999,0.4583333333333333,0.4,194982.61424177085,7,53,False,78.0,303.26381694239814,303.26381694239814,228.17587796159876
44,2018-07-01,Kurtunwaarey,160,0.4461179568825337,0.4391758387432182,0.3510000000000001,0.4716666666666667,0.0,257277.9921167836,7,54,False,626.0,283.57059662264464,283.57059662264464,397.7137310817631
45,2018-07-01,Cadale,161,0.2829201738380863,0.397642761583422,0.351,0.27,0.0,83698.7844852664,7,27,True,60.0,25.0,25.0,36.666666666666664
46,2018-07-01,Belet Weyne,162,0.4637281725694139,0.4709482336256127,0.3926,0.26,0.22,257210.9053470947,7,13,True,0.0,630.0,630.0,420.0
47,2018-07-01,Baardheere,165,0.2972606382668021,0.2870882907046133,0.3925999999999999,0.365,0.07,122284.68350495162,7,3,False,19.0,2.85,2.85,8.233333333333333
48,2018-07-01,Jowhar,167,0.3830459721840857,0.4361091139158288,0.351,0.35,0.03,183042.93582933792,7,52,True,405.0,3.5,3.5,137.33333333333334
49,2018-07-01,Balcad,173,0.3580405856281527,0.4256324032458843,0.351,0.3266666666666666,0.03,211434.1247319937,7,8,True,328.0,2.4,2.4,110.93333333333334
50,2018-07-01,Adan Yabaal,174,0.2789393906990287,0.3959736631857278,0.3510000000000001,0.26,0.0,37859.154953401936,7,0,True,90.0,38.0,38.0,55.333333333333336
51,2018-07-01,Doolow,178,0.5392512067568789,0.3983778863086515,0.3926,0.2333333333333333,0.42,70367.24202467134,7,38,False,9.0,48.0,48.0,35.0
52,2018-07-01,Gebiley,180,0.2443191130723181,0.195572345649635,0.1975999999999999,0.2066666666666666,0.22,103448.69292549856,7,44,False,270.7942610369718,6.2,6.2,94.39808701232393
53,2018-07-01,Diinsoor,181,0.4769534198876959,0.4709407002848428,0.2886000000000001,0.4116666666666667,0.08,144645.3749179251,7,37,False,893.0,9.0,9.0,303.6666666666667
54,2018-07-01,Hargeysa,184,0.2386485041615721,0.1951645146346709,0.1975999999999999,0.0,0.23,959744.1903862744,7,45,False,835.8786852787505,150.0,150.0,378.6262284262502
55,2018-07-01,Hobyo,186,0.3354148794445133,0.3520726565695597,0.4003999999999999,0.1816666666666666,0.15,90079.84358712788,7,46,True,150.0,15.0,15.0,60.0
56,2018-07-01,Afgooye,188,0.384859060068862,0.4383403468241347,0.351,0.35,0.0,262835.8188681545,7,1,True,1240.0,9.8,9.8,419.8666666666666
57,2018-07-01,Waajid,191,0.4748949097855825,0.4792888339084379,0.4861999999999999,0.3266666666666666,0.09,122373.31931054375,7,73,True,12.0,315.0,315.0,214.0
58,2018-07-01,Jalalaqsi,193,0.3858321287337016,0.4698845151234747,0.3925999999999999,0.3383333333333333,0.09,137166.99069700082,7,48,True,0.0,1085.0,1085.0,723.3333333333334
59,2018-07-01,Ceel Dheer,194,0.3142399717243435,0.3237222467082124,0.4211999999999999,0.2316666666666666,0.13,103004.37800500816,7,33,True,700.0,28.0,28.0,252.0
60,2018-07-01,Xarardheere,195,0.3447106682656731,0.3440937497588239,0.4004000000000001,0.22,0.03,34095.52790194442,7,75,False,400.0,20.0,20.0,146.66666666666666
61,2018-07-01,Jamaame,196,0.4077438698894172,0.3149404261361454,0.3926,0.4316666666666666,0.08,72274.03765624086,7,49,False,398.0,277.934413318038,277.934413318038,317.95627554535866
62,2018-07-01,Luuq,201,0.4123022966960434,0.4097136186539254,0.3926,0.2566666666666666,0.06,42201.02354780796,7,59,False,17.0,92.0,92.0,67.0
63,2018-07-01,Marka,203,0.3971406259324205,0.4356751207813825,0.351,0.3899999999999999,0.0,197917.20494918805,7,60,True,855.0,900.0,900.0,885.0
64,2018-07-01,Buur Hakaba,208,0.4846909879180319,0.47037719442215,0.2886,0.4316666666666666,0.1,128204.6513460276,7,24,False,705.0,8.28,8.28,240.51999999999998
65,2018-07-01,Xudur,209,0.4689020964811947,0.48161201917032,0.4862,0.3283333333333333,0.11,119822.71253135678,7,77,True,24.0,616.0,616.0,418.6666666666667
66,2018-07-01,Sheikh,210,0.2505864840856458,0.2526659184696406,0.2028,0.1999999999999999,0.05,65965.83992880996,7,70,True,97.31988302132648,250.0,250.0,199.1066276737755
67,2018-07-01,Sablaale,211,0.4309610549243231,0.4365207106198354,0.3510000000000001,0.4733333333333333,0.0,24953.239247136426,7,69,True,175.0,237.901213467087,237.901213467087,216.93414231139135
68,2018-07-01,Badhaadhe,212,0.3711192650605567,0.2330307158506623,0.3926,0.5316666666666666,0.0,41293.78545781948,7,4,False,40.0,279.76765375433195,279.76765375433195,199.84510250288795
69,2018-07-01,Belet Xaawo,214,0.3942363701220913,0.4070600258586147,0.3926,0.33,0.03,80263.42747402092,7,15,True,8.0,60.0,60.0,42.666666666666664
70,2018-07-01,Qoryooley,216,0.4363798525409664,0.4388574958395,0.351,0.44,0.0,282277.1749967973,7,65,True,586.0,900.0,900.0,795.3333333333334
71,2018-07-01,Bulo Burto,217,0.3908949717937982,0.470453127878576,0.3926,0.3216666666666666,0.12,126308.10395590446,7,20,True,0.0,1230.0,1230.0,820.0
72,2018-07-01,Owdweyne,219,0.2303423878316652,0.2072939133886237,0.2028,0.175,0.1,99751.78651328415,7,61,False,270.4884192334917,1.5,1.5,91.1628064111639
73,2018-07-01,Burco,220,0.2211366753028379,0.1770356571398554,0.2028,0.1933333333333333,0.12,440966.7506063085,7,21,False,390.2050846931464,500.0,500.0,463.40169489771546
74,2018-07-01,Qansax Dheere,221,0.5092847348131929,0.4706401766004414,0.2886,0.34,0.11,69363.1772816809,7,63,False,858.0,8.1,8.1,291.40000000000003
75,2018-07-01,Bu'aale,224,0.4125181113098476,0.31831560695452,0.3925999999999999,0.48,0.09,102232.682999872,7,19,False,180.0,720.0,720.0,540.0
76,2019-01-01,Bulo Burto,225,0.470453127878576,0.5898451672177014,0.3908949717937982,0.3183333333333333,0.08,126308.10395590446,1,20,True,0.0,106.056,106.056,70.704
77,2019-01-01,Hobyo,226,0.3520726565695597,0.3487584354785739,0.3354148794445133,0.1816666666666666,0.09,90079.84358712788,1,46,False,2.0,490.0,490.0,327.3333333333333
78,2019-01-01,Afgooye,229,0.4383403468241347,0.462159131461528,0.384859060068862,0.3316666666666666,0.01,262835.8188681545,1,1,True,1480.0,6.075,6.075,497.3833333333334
79,2019-01-01,Waajid,230,0.4792888339084379,0.5458546307673043,0.4748949097855825,0.295,0.04,122373.31931054375,1,73,True,10.0,100.0,100.0,70.0
80,2019-01-01,Badhaadhe,231,0.2330307158506623,0.4823586641167936,0.3711192650605567,0.5516666666666666,0.01,41293.78545781948,1,4,True,10.0,234.5658371089048,234.5658371089048,159.7105580726032
81,2019-01-01,Jalalaqsi,235,0.4698845151234747,0.5921047430628529,0.3858321287337016,0.315,0.06,137166.99069700082,1,48,True,0.0,731.0,731.0,487.3333333333333
82,2019-01-01,Ceel Dheer,236,0.3237222467082124,0.302048788800896,0.3142399717243435,0.2433333333333333,0.02,103004.37800500816,1,33,False,1.8,1.225,1.225,1.4166666666666667
83,2019-01-01,Sheikh,237,0.2526659184696406,0.311807882954238,0.2505864840856458,0.2183333333333333,0.14,65965.83992880996,1,70,True,6.350467527573072,225.7563836206557,225.7563836206557,152.62107825629482
84,2019-01-01,Qansax Dheere,241,0.4706401766004414,0.5490683229813664,0.5092847348131929,0.3366666666666666,0.08,69363.1772816809,1,63,True,196.0,7.85,7.85,70.56666666666666
85,2019-01-01,Qoryooley,245,0.4388574958395,0.4647070601850455,0.4363798525409664,0.4483333333333333,0.03,282277.1749967973,1,65,True,220.0,860.0,860.0,646.6666666666666
86,2019-01-01,Balcad,247,0.4256324032458843,0.4207892941616012,0.3580405856281527,0.3316666666666666,0.02,211434.1247319937,1,8,False,300.0,1.4,1.4,100.93333333333334
87,2019-01-01,Adan Yabaal,250,0.3959736631857278,0.3406226826633605,0.2789393906990287,0.2733333333333334,0.04,37859.154953401936,1,0,False,30.0,23.0,23.0,25.333333333333332
88,2019-01-01,Xudur,255,0.48161201917032,0.5457788588250408,0.4689020964811947,0.3283333333333333,0.05,119822.71253135678,1,77,True,50.0,525.0,525.0,366.6666666666667
89,2019-01-01,Gebiley,258,0.195572345649635,0.2418992297764819,0.2443191130723181,0.235,0.09,103448.69292549856,1,44,True,58.657503277748354,272.2278263287961,272.2278263287961,201.0377186451135
90,2019-01-01,Diinsoor,259,0.4709407002848428,0.5512844916157692,0.4769534198876959,0.4133333333333333,0.07,144645.3749179251,1,37,True,199.0,6.525,6.525,70.68333333333334
91,2019-01-01,Bu'aale,260,0.31831560695452,0.5163749201445982,0.4125181113098476,0.4833333333333333,0.01,102232.682999872,1,19,True,144.0,320.0,320.0,261.3333333333333
92,2019-01-01,Hargeysa,262,0.1951645146346709,0.2213906679944643,0.2386485041615721,0.0249999999999999,0.12,959744.1903862744,1,45,True,704.3527316377298,257.8107725973604,257.8107725973604,406.65809227748355
93,2019-01-01,Doolow,264,0.3983778863086515,0.5545845681860391,0.5392512067568789,0.22,0.27,70367.24202467134,1,38,True,20.0,60.0,60.0,46.666666666666664
94,2019-01-01,Burco,266,0.1770356571398554,0.2998339565222233,0.2211366753028379,0.1949999999999999,0.15,440966.7506063085,1,21,True,315.07694569748725,270.28499830552,270.28499830552,285.21564743617574
95,2019-01-01,Jamaame,267,0.3149404261361454,0.532680040708361,0.4077438698894172,0.3966666666666666,0.02,72274.03765624086,1,49,True,304.0,297.5880954148368,297.5880954148368,299.72539694322455
96,2019-01-01,Baraawe,268,0.439931798183591,0.4680395945111392,0.3785774588022779,0.285,0.0,71451.00452711528,1,11,True,12.0,292.28040868107564,292.28040868107564,198.85360578738377
97,2019-01-01,Jowhar,269,0.4361091139158288,0.4607258650079849,0.3830459721840857,0.3416666666666666,0.01,183042.93582933792,1,52,True,480.0,1.08,1.08,160.72
98,2019-01-01,Borama,271,0.204456465641011,0.2736328112610178,0.2406251937071188,0.2299999999999999,0.2,397759.659833392,1,17,True,297.8230478922053,273.9799866990936,273.9799866990936,281.92767376346416
99,2019-01-01,Kismaayo,273,0.3096236699207461,0.412029161025459,0.4685498464822668,0.4383333333333333,0.13,194982.61424177085,1,53,True,109.0,273.69624963406864,273.69624963406864,218.79749975604577
100,2019-01-01,Luuq,275,0.4097136186539254,0.500413842160481,0.4123022966960434,0.2283333333333333,0.01,42201.02354780796,1,59,True,30.0,240.0,240.0,170.0
101,2019-01-01,Afmadow,277,0.3567363956871535,0.5119018086833421,0.3680877161916911,0.3933333333333333,0.03,180756.29518407176,1,2,True,26.0,288.611431376997,288.611431376997,201.0742875846647
102,2019-01-01,Cadale,279,0.397642761583422,0.3368835013608263,0.2829201738380863,0.2666666666666666,0.04,83698.7844852664,1,27,False,29.0,24.0,24.0,25.666666666666668
103,2019-01-01,Buur Hakaba,280,0.47037719442215,0.5490683229813665,0.4846909879180319,0.4066666666666667,0.08,128204.6513460276,1,24,True,125.0,3.6,3.6,44.06666666666666
104,2019-01-01,Belet Weyne,281,0.4709482336256127,0.5868054618205713,0.4637281725694139,0.245,0.1,222898.05826843024,1,13,True,332.2359019478824,1.08,1.08,111.46530064929414
105,2019-01-01,Baardheere,287,0.2870882907046133,0.5213965829380455,0.2972606382668021,0.35,0.02,122284.68350495162,1,3,True,38.0,2.6,2.6,14.4
106,2019-01-01,Kurtunwaarey,288,0.4391758387432182,0.4656396293608185,0.4461179568825337,0.5216666666666666,0.04,257277.9921167836,1,54,True,300.0,278.96364094195184,278.96364094195184,285.9757606279679
107,2019-01-01,Belet Xaawo,289,0.4070600258586147,0.5172155129757019,0.3942363701220913,0.33,0.0,80263.42747402092,1,15,True,5.0,56.0,56.0,39.0
108,2019-01-01,Xarardheere,291,0.3440937497588239,0.2395519799571875,0.3447106682656731,0.235,0.01,34095.52790194442,1,75,False,700.0,960.0,960.0,873.3333333333334
109,2019-01-01,Sablaale,294,0.4365207106198354,0.4578215216645919,0.4309610549243231,0.5216666666666666,0.03,24953.239247136426,1,69,True,36.0,243.30241206400888,243.30241206400888,174.20160804267258
110,2019-01-01,Tayeeglow,295,0.4731941786256158,0.5481180166869125,0.3502607787971933,0.3966666666666666,0.05,62826.76428427834,1,72,True,60.0,1.225,1.225,20.816666666666666
111,2019-01-01,Owdweyne,298,0.2072939133886237,0.3310823852137992,0.2303423878316652,0.17,0.13,99751.78651328415,1,61,True,23.52036167610456,239.6919606105852,239.6919606105852,167.63476096575832
112,2019-01-01,Jilib,300,0.3157056116630282,0.5113327705575001,0.4060356888423295,0.46,0.01,177363.81212203606,1,51,True,143.0,277.19230769003224,277.19230769003224,232.4615384600215
113,2019-01-01,Marka,301,0.4356751207813825,0.4539589601919299,0.3971406259324205,0.405,0.03,197917.20494918805,1,60,True,460.0,273.9469863208571,273.9469863208571,335.96465754723806
114,2019-07-01,Sheikh,303,0.311807882954238,0.2081401693223537,0.2526659184696406,0.1966666666666666,0.14,65965.83992880996,7,70,False,20.49067871281113,960.0,960.0,646.8302262376037
115,2019-07-01,Qoryooley,304,0.4647070601850455,0.4443390921876267,0.4388574958395,0.3899999999999999,0.03,282277.1749967973,7,65,False,240.0,120.0,120.0,160.0
116,2019-07-01,Xarardheere,305,0.2395519799571875,0.3962781291497199,0.3440937497588239,0.22,0.01,34095.52790194442,7,75,True,240.0,201.49977466631924,201.49977466631924,214.3331831108795
117,2019-07-01,Jalalaqsi,310,0.5921047430628529,0.4735042553650304,0.4698845151234747,0.2866666666666667,0.06,137166.99069700082,7,48,False,21.43020971658092,700.0,700.0,473.810069905527
118,2019-07-01,Jamaame,315,0.532680040708361,0.4403832811966767,0.3149404261361454,0.3533333333333333,0.02,72274.03765624086,7,49,False,120.0,315.11502202054766,315.11502202054766,250.07668134703178
119,2019-07-01,Tayeeglow,317,0.5481180166869125,0.5185117637649114,0.4731941786256158,0.35,0.05,62826.76428427834,7,72,False,12.0,220.0,220.0,150.66666666666666
120,2019-07-01,Kurtunwaarey,318,0.4656396293608185,0.4452618351340643,0.4391758387432182,0.4433333333333333,0.04,257277.9921167836,7,54,False,190.0,284.0254975199813,284.0254975199813,252.68366501332085
121,2019-07-01,Hobyo,319,0.3487584354785739,0.3706782212839118,0.3520726565695597,0.1683333333333333,0.09,90079.84358712788,7,46,True,60.0,282.6960326419243,282.6960326419243,208.46402176128288
122,2019-07-01,Waajid,321,0.5458546307673043,0.5312342103332384,0.4792888339084379,0.255,0.04,122373.31931054375,7,73,False,4.0,10.0,10.0,8.0
123,2019-07-01,Jilib,322,0.5113327705575001,0.3909294797509632,0.3157056116630282,0.4266666666666667,0.01,177363.81212203606,7,51,False,56.0,345.333556322362,345.333556322362,248.88903754824136
124,2019-07-01,Jowhar,323,0.4607258650079849,0.4462076309782391,0.4361091139158288,0.29,0.01,183042.93582933792,7,52,False,134.0,292.6584597767287,292.6584597767287,239.77230651781915
125,2019-07-01,Marka,324,0.4539589601919299,0.4637137550163429,0.4356751207813825,0.3183333333333333,0.03,197917.20494918805,7,60,True,400.0,274.6290516923613,274.6290516923613,316.41936779490754
126,2019-07-01,Qansax Dheere,325,0.5490683229813664,0.6480009367515506,0.4706401766004414,0.3133333333333333,0.08,69363.1772816809,7,63,True,280.0,5.4,5.4,96.93333333333334
127,2019-07-01,Sablaale,326,0.4578215216645919,0.4587764880148566,0.4365207106198354,0.4716666666666667,0.03,24953.239247136426,7,69,True,148.0,227.1148092623036,227.1148092623036,200.74320617486907
128,2019-07-01,Hargeysa,327,0.2213906679944643,0.2029943156263941,0.1951645146346709,0.1533333333333333,0.12,959744.1903862744,7,45,False,903.4354973623992,5.6,5.6,304.87849912079975
129,2019-07-01,Xudur,329,0.5457788588250408,0.549549493748511,0.48161201917032,0.2816666666666667,0.05,119822.71253135678,7,77,True,20.0,352.0,352.0,241.33333333333334
130,2019-07-01,Owdweyne,331,0.3310823852137992,0.2163547982087805,0.2072939133886237,0.1716666666666666,0.13,99751.78651328415,7,61,False,231.94016043202203,8.0,8.0,82.64672014400735
131,2019-07-01,Luuq,333,0.500413842160481,0.3829595838278671,0.4097136186539254,0.1983333333333333,0.01,42201.02354780796,7,59,False,20.0,285.39655280278765,285.39655280278765,196.93103520185844
132,2019-07-01,Kismaayo,335,0.412029161025459,0.3769676308818636,0.3096236699207461,0.4266666666666667,0.13,194982.61424177085,7,53,False,54.0,294.4537087703864,294.4537087703864,214.30247251359094
133,2019-07-01,Gebiley,336,0.2418992297764819,0.2667717736348647,0.195572345649635,0.1833333333333333,0.09,103448.69292549856,7,44,True,189.38086180996976,36.0,36.0,87.12695393665659
134,2019-07-01,Bulo Burto,345,0.5898451672177014,0.4798138405125635,0.470453127878576,0.2716666666666666,0.08,126308.10395590446,7,20,False,107.0457661940277,1651.0,1651.0,1136.3485887313425
135,2019-07-01,Badhaadhe,346,0.4823586641167936,0.3489569935965541,0.2330307158506623,0.5133333333333333,0.01,41293.78545781948,7,4,False,8.0,271.4030291055318,271.4030291055318,183.60201940368788
136,2019-07-01,Diinsoor,347,0.5512844916157692,0.631234351243638,0.4709407002848428,0.355,0.07,144645.3749179251,7,37,True,240.0,5.7,5.7,83.8
137,2019-07-01,Cadale,349,0.3368835013608263,0.3083621800244197,0.397642761583422,0.2316666666666667,0.04,83698.7844852664,7,27,False,231.55303571779072,16.0,16.0,87.85101190593025
138,2019-07-01,Bu'aale,350,0.5163749201445982,0.3994682200116711,0.31831560695452,0.4666666666666666,0.01,102232.682999872,7,19,False,64.0,200.0,200.0,154.66666666666666
139,2019-07-01,Borama,359,0.2736328112610178,0.2138712946350238,0.204456465641011,0.1933333333333333,0.2,397759.659833392,7,17,False,464.3706936450019,13.5,13.5,163.79023121500063
140,2019-07-01,Balcad,360,0.4207892941616012,0.3899254108022901,0.4256324032458843,0.3166666666666666,0.02,211434.1247319937,7,8,False,106.0,200.0,200.0,168.66666666666666
141,2019-07-01,Belet Xaawo,363,0.5172155129757019,0.4081442057063084,0.4070600258586147,0.2833333333333333,0.0,80263.42747402092,7,15,False,8.0,286.1611227170466,286.1611227170466,193.44074847803108
142,2019-07-01,Buur Hakaba,365,0.5490683229813665,0.6211723936273237,0.47037719442215,0.35,0.08,128204.6513460276,7,24,True,72.0,2.4,2.4,25.599999999999998
143,2019-07-01,Baraawe,367,0.4680395945111392,0.4454830625784129,0.439931798183591,0.2633333333333333,0.0,71451.00452711528,7,11,False,32.0,319.5634423859737,319.5634423859737,223.70896159064912
144,2019-07-01,Adan Yabaal,368,0.3406226826633605,0.3126112111904077,0.3959736631857278,0.2466666666666666,0.04,37859.154953401936,7,0,False,155.9589683457396,30.0,30.0,71.9863227819132
145,2019-07-01,Belet Weyne,370,0.5868054618205713,0.4954915340016362,0.4709482336256127,0.2283333333333333,0.1,222898.05826843024,7,13,False,713.9493668949814,1370.0,1370.0,1151.3164556316603
146,2019-07-01,Afgooye,371,0.462159131461528,0.4492225378213771,0.4383403468241347,0.2883333333333333,0.01,262835.8188681545,7,1,False,266.0,900.0,900.0,688.6666666666666
147,2019-07-01,Doolow,372,0.5545845681860391,0.4261285631981143,0.3983778863086515,0.1883333333333333,0.27,70367.24202467134,7,38,False,28.0,315.02052408493387,315.02052408493387,219.34701605662258
148,2019-07-01,Baardheere,377,0.5213965829380455,0.2484368223141074,0.2870882907046133,0.305,0.02,122284.68350495162,7,3,False,18.0,342.885271066898,342.885271066898,234.59018071126533
149,2019-07-01,Afmadow,378,0.5119018086833421,0.3484296307635035,0.3567363956871535,0.3633333333333333,0.03,180756.29518407176,7,2,False,16.0,291.1359567149259,291.1359567149259,199.42397114328392
150,2019-07-01,Burco,379,0.2998339565222233,0.1798890136234226,0.1770356571398554,0.1933333333333333,0.15,440966.7506063085,7,21,False,524.1967331166961,3.2,3.2,176.86557770556536
151,2019-07-01,Ceel Dheer,380,0.302048788800896,0.3728953651323323,0.3237222467082124,0.225,0.02,103004.37800500816,7,33,True,240.0,293.9473072827716,293.9473072827716,275.9648715218477
152,2020-01-01,Sheikh,382,0.2081401693223537,0.1455487847587028,0.311807882954238,0.265,0.12,71386.5516097911,1,70,False,72.89243636131545,219.2736114761121,219.2736114761121,170.47988643784655
153,2020-01-01,Jilib,386,0.3909294797509632,0.3881953090823434,0.5113327705575001,0.5483333333333333,0.1,148587.5543244151,1,51,False,860.0,299.1808223030983,299.1808223030983,486.1205482020655
154,2020-01-01,Belet Xaawo,387,0.4081442057063084,0.3524982406755805,0.5172155129757019,0.4049999999999999,0.12,71051.67497693517,1,15,False,24.0,168.0,168.0,120.0
155,2020-01-01,Sablaale,388,0.4587764880148566,0.4933201385452746,0.4578215216645919,0.5983333333333333,0.04,20213.16157712225,1,69,True,90.0,226.3261023807492,226.3261023807492,180.8840682538328
156,2020-01-01,Belet Weyne,389,0.4954915340016362,0.4625835669613974,0.5868054618205713,0.3183333333333333,0.08,231850.5809215716,1,13,False,6.0,960.0,960.0,642.0
157,2020-01-01,Buur Hakaba,394,0.6211723936273237,0.4157290382244143,0.5490683229813665,0.4616666666666666,0.04,129759.02384671407,1,24,False,960.0,17.7,17.7,331.8
158,2020-01-01,Marka,397,0.4637137550163429,0.4905037846230626,0.4539589601919299,0.4216666666666667,0.06,180335.6358725136,1,60,True,120.0,277.7357527676928,277.7357527676928,225.15716851179522
159,2020-01-01,Owdweyne,399,0.2163547982087805,0.132173714024146,0.3310823852137992,0.2183333333333333,0.12,87385.56574216185,1,61,False,87.95512521393181,237.7710033415796,237.7710033415796,187.83237729903033
160,2020-01-01,Burco,400,0.1798890136234226,0.0911891620672353,0.2998339565222233,0.2366666666666666,0.18,498248.650657556,1,21,False,434.45804333154734,270.148536309795,270.148536309795,324.91837198371246
161,2020-01-01,Bulo Burto,404,0.4798138405125635,0.4556007922535211,0.5898451672177014,0.3799999999999999,0.03,90880.01596748602,1,20,False,54.0,633.1919999999999,633.1919999999999,440.12799999999993
162,2020-01-01,Qansax Dheere,405,0.6480009367515506,0.4244430093639005,0.5490683229813664,0.4283333333333333,0.05,61938.87849344224,1,63,False,1120.0,15.95,15.95,383.9666666666667
163,2020-01-01,Bu'aale,406,0.3994682200116711,0.4118061786950391,0.5163749201445982,0.5416666666666666,0.13,78010.51320069526,1,19,True,720.0,2.4,2.4,241.6
164,2020-01-01,Kurtunwaarey,407,0.4452618351340643,0.4855604762788724,0.4656396293608185,0.5933333333333334,0.02,188546.8622552998,1,54,True,144.0,287.15109089817935,287.15109089817935,239.43406059878623
165,2020-01-01,Cadale,408,0.3083621800244197,0.2905168905168905,0.3368835013608263,0.3016666666666667,0.0,61428.001628669226,1,27,False,140.0,112.0,112.0,121.33333333333333
166,2020-01-01,Luuq,410,0.3829595838278671,0.3060848186846958,0.500413842160481,0.2833333333333333,0.04,40675.63477088211,1,59,False,64.0,480.0,480.0,341.3333333333333
167,2020-01-01,Kismaayo,411,0.3769676308818636,0.3619308628245356,0.412029161025459,0.505,0.22,377653.3312260424,1,53,False,465.1088994292179,320.83643893471003,320.83643893471003,368.927259099546
168,2020-01-01,Qoryooley,413,0.4443390921876267,0.4801347611599085,0.4647070601850455,0.5183333333333334,0.02,207773.35359388727,1,65,True,490.0,6.5760000000000005,6.5760000000000005,167.71733333333333
169,2020-01-01,Borama,414,0.2138712946350238,0.1412881669919613,0.2736328112610178,0.2566666666666666,0.06,453433.5705113778,1,17,False,425.9917607204038,277.96069779196154,277.96069779196154,327.3043854347756
170,2020-01-01,Jowhar,415,0.4462076309782391,0.4604083984124952,0.4607258650079849,0.37,0.04,156219.50041752722,1,52,True,80.0,3.61,3.61,29.073333333333334
171,2020-01-01,Jamaame,417,0.4403832811966767,0.3833278902677988,0.532680040708361,0.4533333333333333,0.11,61241.84415452506,1,49,False,184.46296614662927,298.16463079982213,298.16463079982213,260.2640759154245
172,2020-01-01,Baraawe,418,0.4454830625784129,0.4505242752665433,0.4680395945111392,0.3999999999999999,0.04,56743.49512043875,1,11,True,120.0,284.17295604462146,284.17295604462146,229.44863736308096
173,2020-01-01,Xarardheere,419,0.3962781291497199,0.3925848407833757,0.2395519799571875,0.2583333333333333,0.01,33447.63645086472,1,75,False,2.28,1320.0,1320.0,880.7600000000001
174,2020-01-01,Hargeysa,422,0.2029943156263941,0.1277865307901176,0.2213906679944643,0.2216666666666666,0.11,1044086.4877006176,1,45,False,880.728999925914,272.0285218861787,272.0285218861787,474.9286812327571
175,2020-01-01,Badhaadhe,425,0.3489569935965541,0.2639538679142639,0.4823586641167936,0.5850000000000001,0.04,45955.77503381839,1,4,False,181.49393834643783,285.2067089002576,285.2067089002576,250.63578538231766
176,2020-01-01,Xudur,426,0.549549493748511,0.4469897765997728,0.5457788588250408,0.4016666666666666,0.07,79231.76914493041,1,77,False,212.0,2.52,2.52,72.34666666666666
177,2020-01-01,Gebiley,427,0.2667717736348647,0.1675903119868637,0.2418992297764819,0.2683333333333333,0.07,97440.90188899483,1,44,False,132.95564500903046,290.7623049502716,290.7623049502716,238.16008496985788
178,2020-01-01,Diinsoor,428,0.631234351243638,0.4420162648228424,0.5512844916157692,0.4666666666666667,0.08,139564.3460664642,1,37,False,1200.0,19.2,19.2,412.8
179,2020-01-01,Baardheere,429,0.2484368223141074,0.2304840065259306,0.5213965829380455,0.4383333333333333,0.08,101132.70882160284,1,3,False,80.0,5.2,5.2,30.133333333333336
180,2020-01-01,Doolow,432,0.4261285631981143,0.3757435851904466,0.5545845681860391,0.2716666666666666,0.21,56310.36134752707,1,38,False,44.0,72.0,72.0,62.666666666666664
181,2020-01-01,Afmadow,433,0.3484296307635035,0.2780875765609288,0.5119018086833421,0.4516666666666666,0.06,164086.06642208935,1,2,False,298.09738395623384,304.0947131564297,304.0947131564297,302.09560342303104
182,2020-01-01,Afgooye,437,0.4492225378213771,0.4582353863030873,0.462159131461528,0.3583333333333333,0.06,191430.83595608792,1,1,True,929.0,13.8,13.8,318.8666666666667
183,2020-01-01,Adan Yabaal,439,0.3126112111904077,0.2890189520624303,0.3406226826633605,0.3283333333333333,0.0,35879.125006250986,1,0,False,160.0,140.0,140.0,146.66666666666666
184,2020-01-01,Hobyo,443,0.3706782212839118,0.306084466714388,0.3487584354785739,0.2116666666666666,0.12,69851.37649863526,1,46,False,200.0,480.0,480.0,386.6666666666667
185,2020-01-01,Balcad,445,0.3899254108022901,0.3992414113024258,0.4207892941616012,0.3516666666666666,0.03,183232.62183404109,1,8,True,220.0,2.8,2.8,75.2
186,2020-01-01,Ceel Dheer,446,0.3728953651323323,0.2858416181007885,0.302048788800896,0.2833333333333333,0.08,72923.28166112433,1,33,False,2.88,1740.0,1740.0,1160.96
187,2020-01-01,Tayeeglow,447,0.5185117637649114,0.4117135401565671,0.5481180166869125,0.4566666666666666,0.02,51734.09343957278,1,72,False,374.0,3.412,3.412,126.94133333333333
188,2020-01-01,Waajid,453,0.5312342103332384,0.4367229608336327,0.5458546307673043,0.3883333333333333,0.05,69575.12337121068,1,73,False,130.0,1480.0,1480.0,1030.0
189,2020-01-01,Jalalaqsi,454,0.4735042553650304,0.4544457188450606,0.5921047430628529,0.37,0.01,100262.70714634696,1,48,False,44.0,1916.915,1916.915,1292.61
190,2020-07-01,Bulo Burto,457,0.4556007922535211,0.1980742778541953,0.4798138405125635,0.355,0.03,90880.0,7,20,False,14.0,298.0,298.0,203.33333333333334
191,2020-07-01,Afmadow,458,0.2780875765609288,0.3018436690537864,0.3484296307635035,0.4466666666666667,0.06,164086.0,7,2,True,52.0,280.1880866307113,280.1880866307113,204.12539108714088
192,2020-07-01,Owdweyne,459,0.132173714024146,0.1948497854077253,0.2163547982087805,0.235,0.12,87385.0,7,61,True,64.43269352495909,200.0,200.0,154.81089784165303
193,2020-07-01,Afgooye,460,0.4582353863030873,0.4841321666449001,0.4492225378213771,0.3083333333333333,0.06,191431.0,7,1,True,492.0,1040.0,1040.0,857.3333333333334
194,2020-07-01,Sheikh,461,0.1455487847587028,0.1828371278458844,0.2081401693223537,0.2566666666666666,0.12,71386.0,7,70,True,0.0,207.9695754391689,207.9695754391689,138.6463836261126
195,2020-07-01,Marka,462,0.4905037846230626,0.4615277970331346,0.4637137550163429,0.4416666666666666,0.06,180336.0,7,60,False,280.0,269.0832111498443,269.0832111498443,272.72214076656286
196,2020-07-01,Tayeeglow,463,0.4117135401565671,0.4702754954084098,0.5185117637649114,0.4266666666666667,0.02,51735.0,7,72,True,12.0,264.0,264.0,180.0
197,2020-07-01,Adan Yabaal,465,0.2890189520624303,0.2773519163763066,0.3126112111904077,0.295,0.0,35878.0,7,0,False,40.0,120.0,120.0,93.33333333333333
198,2020-07-01,Baraawe,466,0.4505242752665433,0.4911894273127753,0.4454830625784129,0.41,0.04,56744.0,7,11,True,200.0,277.0909971763356,277.0909971763356,251.39399811755706
199,2020-07-01,Luuq,467,0.3060848186846958,0.3583282114320836,0.3829595838278671,0.2616666666666666,0.04,40676.0,7,59,True,20.0,200.0,200.0,140.0
200,2020-07-01,Burco,470,0.0911891620672353,0.140943301555444,0.1798890136234226,0.2433333333333333,0.18,498248.0,7,21,True,339.01703935441105,255.4476807643909,255.4476807643909,283.30413362773095
201,2020-07-01,Belet Weyne,471,0.4625835669613974,0.2474660340737546,0.4954915340016362,0.31,0.08,231850.0,7,13,False,4.0,320.0,320.0,214.66666666666666
202,2020-07-01,Waajid,472,0.4367229608336327,0.4933524973050665,0.5312342103332384,0.3616666666666666,0.05,69574.0,7,73,True,228.14981679367855,120.0,120.0,156.0499389312262
203,2020-07-01,Xarardheere,476,0.3925848407833757,0.2414050822122571,0.3962781291497199,0.2566666666666666,0.01,33447.0,7,75,False,140.0,233.05690614510576,233.05690614510576,202.0379374300705
204,2020-07-01,Qoryooley,477,0.4801347611599085,0.4593911683311274,0.4443390921876267,0.4633333333333334,0.02,207773.0,7,65,False,280.0,560.0,560.0,466.6666666666667
205,2020-07-01,Borama,479,0.1412881669919613,0.1912113359430997,0.2138712946350238,0.2283333333333333,0.06,453434.0,7,17,True,505.34309157800817,7.94,7.94,173.74103052600273
206,2020-07-01,Belet Xaawo,482,0.3524982406755805,0.3835327234342012,0.4081442057063084,0.3483333333333333,0.12,71052.0,7,15,True,8.0,32.0,32.0,24.0
207,2020-07-01,Balcad,483,0.3992414113024258,0.4233865465957157,0.3899254108022901,0.3466666666666667,0.03,183234.0,7,8,True,130.0,24.0,24.0,59.333333333333336
208,2020-07-01,Badhaadhe,487,0.2639538679142639,0.2774755168661588,0.3489569935965541,0.605,0.04,45955.0,7,4,True,76.0,256.0345076342394,256.0345076342394,196.02300508949293
209,2020-07-01,Sablaale,488,0.4933201385452746,0.4548825710754017,0.4587764880148566,0.5750000000000001,0.04,20212.0,7,69,False,120.0,220.79395983695957,220.79395983695957,187.19597322463972
210,2020-07-01,Qansax Dheere,489,0.4244430093639005,0.5084745762711864,0.6480009367515506,0.4066666666666667,0.05,61939.0,7,63,True,420.0,5.4,5.4,143.6
211,2020-07-01,Xudur,490,0.4469897765997728,0.5317134742821079,0.549549493748511,0.3766666666666667,0.07,79231.0,7,77,True,20.0,246.0,246.0,170.66666666666666
212,2020-07-01,Bu'aale,491,0.4118061786950391,0.3788461538461538,0.3994682200116711,0.51,0.13,78010.0,7,19,False,360.0,600.0,600.0,520.0
213,2020-07-01,Baardheere,492,0.2304840065259306,0.2388133498145859,0.2484368223141074,0.385,0.08,101133.0,7,3,True,20.0,1560.0,1560.0,1046.6666666666667
214,2020-07-01,Cadale,497,0.2905168905168905,0.2759462759462759,0.3083621800244197,0.2933333333333333,0.0,61427.0,7,27,False,120.0,40.0,40.0,66.66666666666667
215,2020-07-01,Jalalaqsi,498,0.4544457188450606,0.1947145350286711,0.4735042553650304,0.3633333333333333,0.01,100263.0,7,48,False,8.0,170.0,170.0,116.0
216,2020-07-01,Gebiley,499,0.1675903119868637,0.1924063622370446,0.2667717736348647,0.2516666666666666,0.07,97441.0,7,44,True,206.5591653101264,20.4,20.4,82.45305510337546
217,2020-07-01,Hargeysa,501,0.1277865307901176,0.1965854943370926,0.2029943156263941,0.2116666666666666,0.11,1044086.0,7,45,True,967.9901634275832,2.0,2.0,323.99672114252775
218,2020-07-01,Kismaayo,506,0.3619308628245356,0.3705150271415331,0.3769676308818636,0.5516666666666666,0.22,377653.0,7,53,True,136.0,305.54746901594154,305.54746901594154,249.0316460106277
219,2020-07-01,Jamaame,507,0.3833278902677988,0.3061224489795918,0.4403832811966767,0.4616666666666666,0.11,61242.0,7,49,False,310.0,317.36329284324216,317.36329284324216,314.9088618954948
220,2020-07-01,Doolow,509,0.3757435851904466,0.3641207815275311,0.4261285631981143,0.2516666666666666,0.21,56311.0,7,38,False,24.0,60.0,60.0,48.0
221,2020-07-01,Kurtunwaarey,511,0.4855604762788724,0.4643330681516839,0.4452618351340643,0.5483333333333333,0.02,188547.0,7,54,False,160.0,277.42273838868624,277.42273838868624,238.2818255924575
222,2020-07-01,Ceel Dheer,512,0.2858416181007885,0.2814535481659239,0.3728953651323323,0.2633333333333333,0.08,72923.0,7,33,False,40.764080396813256,281.58561703710825,281.58561703710825,201.31177149034326
223,2020-07-01,Buur Hakaba,515,0.4157290382244143,0.4955684007707129,0.6211723936273237,0.43,0.04,129760.0,7,24,True,154.0,9.6,9.6,57.73333333333333
224,2020-07-01,Jilib,518,0.3881953090823434,0.3124158815612382,0.3909294797509632,0.5133333333333333,0.1,148587.0,7,51,False,480.0,278.63530984062885,278.63530984062885,345.7568732270859
225,2020-07-01,Hobyo,520,0.306084466714388,0.2841803865425912,0.3706782212839118,0.2166666666666666,0.12,69851.0,7,46,False,25.28308558315609,273.1266963434976,273.1266963434976,190.51215942338376
226,2020-07-01,Jowhar,522,0.4604083984124952,0.4605536885901744,0.4462076309782391,0.3783333333333333,0.04,156220.0,7,52,True,146.0,40.0,40.0,75.33333333333333
227,2020-07-01,Diinsoor,527,0.4420162648228424,0.492387605230163,0.631234351243638,0.45,0.08,139564.0,7,37,True,346.0,7.08,7.08,120.05333333333334
228,2021-01-01,Xudur,529,0.5317134742821079,0.4472915724098218,0.4469897765997728,0.3533333333333333,0.12,79232.0,1,77,False,212.0,2.0380000000000003,2.0380000000000003,72.02533333333334
229,2021-01-01,Badhaadhe,532,0.2774755168661588,0.4056724072698737,0.2639538679142639,0.5566666666666666,0.1,45956.0,1,4,True,60.0,253.97211708950863,253.97211708950863,189.3147447263391
230,2021-01-01,Jilib,533,0.3124158815612382,0.4043924756806527,0.3881953090823434,0.5633333333333334,0.11,148588.0,1,51,True,320.0,303.25524130453937,303.25524130453937,308.8368275363596
231,2021-01-01,Gebiley,534,0.1924063622370446,0.2876174019676151,0.1675903119868637,0.2566666666666666,0.11,97441.0,1,44,True,91.27681161756796,282.44739310147463,282.44739310147463,218.72386594017243
232,2021-01-01,Belet Xaawo,535,0.3835327234342012,0.3349866620681312,0.3524982406755805,0.31,0.15,71052.0,1,15,False,4.0,294.23903005083605,294.23903005083605,197.49268670055736
233,2021-01-01,Sablaale,536,0.4548825710754017,0.4486895846702985,0.4933201385452746,0.5950000000000001,0.07,20213.0,1,69,False,90.0,283.43408426663035,283.43408426663035,218.95605617775357
234,2021-01-01,Belet Weyne,537,0.2474660340737546,0.3071993772609909,0.4625835669613974,0.2866666666666667,0.13,231851.0,1,13,True,4.0,480.0,480.0,321.3333333333333
235,2021-01-01,Sheikh,538,0.1828371278458844,0.2242774189339074,0.1455487847587028,0.26,0.18,71387.0,1,70,True,48.387860296372224,227.58467795709407,227.58467795709407,167.85240540352012
236,2021-01-01,Balcad,544,0.4233865465957157,0.4248102325025402,0.3992414113024258,0.435,0.13,183233.0,1,8,True,282.0,1080.0,1080.0,814.0
237,2021-01-01,Xarardheere,545,0.2414050822122571,0.268406014603596,0.3925848407833757,0.2583333333333333,0.25,33448.0,1,75,True,70.0,80.0,80.0,76.66666666666667
238,2021-01-01,Waajid,547,0.4933524973050665,0.4498858793883663,0.4367229608336327,0.3116666666666667,0.1,69575.0,1,73,False,104.0,728.0,728.0,520.0
239,2021-01-01,Ceel Dheer,548,0.2814535481659239,0.3369272237196765,0.2858416181007885,0.2833333333333333,0.17,72923.0,1,33,True,106.0,60.0,60.0,75.33333333333333
240,2021-01-01,Hargeysa,551,0.1965854943370926,0.2676350893059009,0.1277865307901176,0.1999999999999999,0.12,1044086.0,1,45,True,862.2192207439723,278.4269909062019,278.4269909062019,473.0244008521254
241,2021-01-01,Jalalaqsi,552,0.1947145350286711,0.4080728253042081,0.4544457188450606,0.4383333333333333,0.1,100263.0,1,48,True,8.0,910.0,910.0,609.3333333333334
242,2021-01-01,Jamaame,559,0.3061224489795918,0.4376510659496103,0.3833278902677988,0.4883333333333333,0.21,61242.0,1,49,True,826.0,294.929149471487,294.929149471487,471.95276631432466
243,2021-01-01,Baraawe,560,0.4911894273127753,0.4655421778369564,0.4505242752665433,0.4216666666666667,0.06,56743.0,1,11,False,20.0,297.27157559996897,297.27157559996897,204.84771706664597
244,2021-01-01,Tayeeglow,561,0.4702754954084098,0.4212055712220329,0.4117135401565671,0.43,0.09,51734.0,1,72,False,412.0,3.3960000000000004,3.3960000000000004,139.59733333333332
245,2021-01-01,Diinsoor,562,0.492387605230163,0.419636541705207,0.4420162648228424,0.435,0.13,139564.0,1,37,False,1344.0,15.186,15.186,458.124
246,2021-01-01,Baardheere,563,0.2388133498145859,0.3868994061543999,0.2304840065259306,0.3566666666666666,0.14,101133.0,1,3,True,60.0,1800.0,1800.0,1220.0
247,2021-01-01,Doolow,565,0.3641207815275311,0.3515556336790297,0.3757435851904466,0.1999999999999999,0.15,56310.0,1,38,False,16.0,311.3757984077382,311.3757984077382,212.91719893849213
248,2021-01-01,Bu'aale,566,0.3788461538461538,0.4008547346761109,0.4118061786950391,0.4833333333333333,0.14,78011.0,1,19,True,560.0,570.0,570.0,566.6666666666666
249,2021-01-01,Bulo Burto,571,0.1980742778541953,0.3462197497828791,0.4556007922535211,0.3666666666666667,0.12,90880.0,1,20,True,10.0,1476.0,1476.0,987.3333333333334
250,2021-01-01,Afgooye,572,0.4841321666449001,0.4637639420358601,0.4582353863030873,0.4166666666666667,0.1,191431.0,1,1,False,1576.0,12.35,12.35,533.5666666666667
251,2021-01-01,Owdweyne,575,0.1948497854077253,0.2280157801397049,0.132173714024146,0.21,0.16,87386.0,1,61,True,62.85653791053713,248.7365247072425,248.7365247072425,186.7765291083407
252,2021-01-01,Burco,577,0.140943301555444,0.1371732766471581,0.0911891620672353,0.205,0.2,498249.0,1,21,False,403.7616084981466,276.90903825626634,276.90903825626634,319.19322833689307
253,2021-01-01,Adan Yabaal,579,0.2773519163763066,0.2867946480511925,0.2890189520624303,0.3383333333333334,0.1,35879.0,1,0,True,56.43779388671655,262.58122655487966,262.58122655487966,193.8667489988253
254,2021-01-01,Marka,580,0.4615277970331346,0.4460078540314803,0.4905037846230626,0.505,0.09,180336.0,1,60,False,680.0,268.3628971385114,268.3628971385114,405.57526475900767
255,2021-01-01,Buur Hakaba,581,0.4955684007707129,0.4253398378500371,0.4157290382244143,0.465,0.1,129759.0,1,24,False,1000.0,13.66,13.66,342.44
256,2021-01-01,Luuq,585,0.3583282114320836,0.3731717928980219,0.3060848186846958,0.2216666666666666,0.14,40676.0,1,59,True,24.0,278.97819866276313,278.97819866276313,193.9854657751754
257,2021-01-01,Kurtunwaarey,587,0.4643330681516839,0.4575951234622532,0.4855604762788724,0.61,0.09,188548.0,1,54,False,960.0,302.21063760511095,302.21063760511095,521.4737584034073
258,2021-01-01,Qansax Dheere,589,0.5084745762711864,0.4305075046172255,0.4244430093639005,0.3866666666666667,0.1,61939.0,1,63,False,1650.0,13.68,13.68,559.12
259,2021-01-01,Hobyo,590,0.2841803865425912,0.2851447172525171,0.306084466714388,0.2116666666666666,0.2,69851.0,1,46,True,30.0,20.0,20.0,23.333333333333332
260,2021-01-01,Jowhar,592,0.4605536885901744,0.4476632959825088,0.4604083984124952,0.4533333333333333,0.13,156220.0,1,52,False,336.0,1792.0,1792.0,1306.6666666666667
261,2021-01-01,Qoryooley,593,0.4593911683311274,0.4512228697099891,0.4801347611599085,0.5116666666666666,0.08,207773.0,1,65,False,320.0,150.0,150.0,206.66666666666666
262,2021-01-01,Borama,595,0.1912113359430997,0.2772673624137732,0.1412881669919613,0.255,0.11,453434.0,1,17,True,400.1964627534272,283.49961379468067,283.49961379468067,322.3985634475962
263,2021-01-01,Kismaayo,596,0.3705150271415331,0.3934804082976622,0.3619308628245356,0.4783333333333333,0.22,377653.0,1,53,True,66.0,294.8081912505822,294.8081912505822,218.5387941670548
264,2021-01-01,Cadale,600,0.2759462759462759,0.2873604609290601,0.2905168905168905,0.3966666666666666,0.1,61428.0,1,27,True,60.0,60.0,60.0,60.0
265,2021-01-01,Afmadow,601,0.3018436690537864,0.3916169562219776,0.2780875765609288,0.395,0.13,164086.0,1,2,True,34.0,295.6001679537865,295.6001679537865,208.40011196919102
